rank,word,indicativeness
1,good,0.00228266775562068
2,great,0.0009368863794892785
3,nice,0.0005805627502469828
4,delicious,0.0005515077495150924
5,tasty,0.0005207994169837916
6,fresh,0.00033255178218677373
7,small,0.00030801532619528234
8,spicy,0.0002647982311093959
9,little,0.00024357746444413558
10,huge,0.00024179755767123127
11,fried,0.0002350996942885139
12,korean,0.00023232106978559615
13,only,0.00022840615806943486
14,hot,0.00022288024511755758
15,overall,0.0002186880223520506
16,large,0.00020072385051664866
17,busy,0.00018736704664175008
18,fun,0.00017440437719902236
19,quick,0.00016757060348174485
20,big,0.00016282705445754594
21,reasonable,0.00015832246244882556
22,fast,0.00015748953058733123
23,friendly,0.0001471154545248465
24,solid,0.00014622883150085825
25,excellent,0.00013944452888386036
26,yummy,0.00013214400831320012
27,most,0.00012623358513194172
28,chinese,0.00012571511841314765
29,perfect,0.00012134153301105327
30,other,0.0001186501846575655
31,worth,0.00011218515184551562
32,full,0.00010952470566278595
33,attentive,0.00010895420320996813
34,favorite,0.00010806059282138205
35,italian,0.00010739782253655428
36,different,0.00010355260947727106
37,clean,0.00010337706231254599
38,typical,9.682381954710884e-05
39,cheap,9.573247220538875e-05
40,juicy,9.541333567624018e-05
41,crispy,9.403124343617775e-05
42,pricey,9.289538680033297e-05
43,unique,9.254809281326586e-05
44,sweet,9.102368283703062e-05
45,vietnamese,8.768237632525704e-05
46,local,8.637557057273039e-05
47,generous,8.629040929176459e-05
48,more,8.586411259882751e-05
49,green,8.135363798690599e-05
50,casual,8.047453558389699e-05
51,tender,7.696478401436382e-05
52,vegetarian,7.351883055949372e-05
53,free,7.19811606479329e-05
54,authentic,6.930299057690278e-05
55,quiet,6.531036227322047e-05
56,regular,6.472632514075535e-05
57,grilled,6.427874311232264e-05
58,japanese,6.405821031066114e-05
59,rich,6.391077418815205e-05
60,moist,6.380816601105359e-05
61,asian,6.337765187620922e-05
62,creamy,6.26423033515943e-05
63,pretty,6.176662444118156e-05
64,few,6.042041654884728e-05
65,traditional,6.003035277732206e-05
66,red,5.9919862421586436e-05
67,cool,5.95990263988274e-05
68,strong,5.861591755384724e-05
69,many,5.847719156902515e-05
70,pickled,5.788606844670653e-05
71,flavourful,5.537349936457486e-05
72,pleasant,5.4910527944941726e-05
73,cozy,5.483957436276806e-05
74,affordable,5.456276389184159e-05
75,decent,5.033202079699478e-05
76,interesting,4.925549502522451e-05
77,spacious,4.9206149327392814e-05
78,warm,4.877804854622412e-05
79,spanish,4.810292841268413e-05
80,thai,4.8024485394096946e-05
81,popular,4.7435276020233764e-05
82,mild,4.57207139181694e-05
83,own,4.4696802257688355e-05
84,impressive,4.4397621629249935e-05
85,enjoyable,4.4219694348883794e-05
86,massive,4.3793699499453944e-05
87,frozen,4.341923983326714e-05
88,standard,4.3400465625468e-05
89,sour,4.329613891744959e-05
90,wait,4.2768766317963764e-05
91,fancy,4.255739659138911e-05
92,close,4.241597698380179e-05
93,complimentary,4.2071626916053945e-05
94,cute,4.062293416013411e-05
95,classic,4.041658560528496e-05
96,soft,3.9986640418890275e-05
97,loud,3.821747122001568e-05
98,flavorful,3.800262981675788e-05
99,smaller,3.7494612937949864e-05
100,special,3.7253820944548e-05
101,modern,3.670705537428858e-05
102,american,3.660290546824407e-05
103,bigger,3.539775523334166e-05
104,fluffy,3.493680531716822e-05
105,hearty,3.465169017831412e-05
106,sure,3.4555225257120774e-05
107,simple,3.455251353784715e-05
108,main,3.43786469107786e-05
109,crisp,3.367286387180091e-05
110,indian,3.2933774476683006e-05
111,right,3.2447405993339584e-05
112,favourite,3.2221794559166e-05
113,famous,3.18832449434533e-05
114,superb,3.1627904962906445e-05
115,enough,3.161381729427535e-05
116,hungry,3.156093412979996e-05
117,crunchy,3.141116782628988e-05
118,hush,3.137496170744943e-05
119,mexican,3.067222314649726e-05
120,delightful,2.961996264888833e-05
121,wide,2.9102242042253807e-05
122,all-you-can-eat,2.8958019654693495e-05
123,cheesy,2.8806460608828902e-05
124,bright,2.8410610039861336e-05
125,super,2.8140879020108297e-05
126,cramped,2.801560008631424e-05
127,neat,2.801560008631424e-05
128,inexpensive,2.7669877210717316e-05
129,delish,2.697919271546371e-05
130,light,2.6152899340244294e-05
131,french,2.5851805000192757e-05
132,purple,2.576835609863681e-05
133,early,2.572406670114489e-05
134,steamed,2.548543611282899e-05
135,available,2.5414298446255693e-05
136,healthy,2.5077881386019095e-05
137,tangy,2.4522379901696917e-05
138,plenty,2.404092966631654e-05
139,ginormous,2.3910307822850048e-05
140,prompt,2.3882514835628027e-05
141,crazy,2.3825820259276368e-05
142,intimate,2.3688390895047794e-05
143,rare,2.356558837780588e-05
144,surprising,2.326934022567471e-05
145,quaint,2.326934022567471e-05
146,eastern,2.3188275839087908e-05
147,priced,2.3188275839087908e-05
148,refreshing,2.3155379599588258e-05
149,mixed,2.2990885486188993e-05
150,cheaper,2.2787959223596058e-05
151,open,2.2612459801048333e-05
152,larger,2.260352816124617e-05
153,comfy,2.2579640524233596e-05
154,hidden,2.2505289874601094e-05
155,creative,2.2109847174441897e-05
156,nicer,2.185167313448282e-05
157,slow,2.1550065835275374e-05
158,outdoor,2.093695588994053e-05
159,signature,2.0928638870883717e-05
160,next,2.083942692476616e-05
161,consistent,2.0785077555347234e-05
162,rustic,2.0625225964031405e-05
163,plain,2.0302470497091286e-05
164,daily,2.0187446464735355e-05
165,oily,2.016482002142562e-05
166,homemade,2.0023284363913602e-05
167,busier,1.9724027987477752e-05
168,sized,1.9498413653787668e-05
169,mega,1.9474726718127194e-05
170,chunky,1.9439049944548925e-05
171,extensive,1.941725914357787e-05
172,buffalo,1.934427117790414e-05
173,cajun,1.8965902250040737e-05
174,fave,1.894521905080624e-05
175,gluten-free,1.894521905080624e-05
176,various,1.8484604143804253e-05
177,exciting,1.8135900718996074e-05
178,lucky,1.7915521590791687e-05
179,true,1.7731860755121347e-05
180,orange,1.758751651176125e-05
181,veal,1.739286488970153e-05
182,live,1.7198213766736873e-05
183,giant,1.7166881264125874e-05
184,succulent,1.688351263625341e-05
185,glad,1.686077390745802e-05
186,sleek,1.6557511000496672e-05
187,fast-food,1.643229610198159e-05
188,hawaiian,1.635382390274752e-05
189,subtle,1.621988870350146e-05
190,odd,1.5892895921156134e-05
191,definite,1.5778179617404955e-05
192,crab,1.5670472132927064e-05
193,festive,1.5582563918232573e-05
194,formal,1.5279212368911194e-05
195,thicker,1.526575525329669e-05
196,meaty,1.526575525329669e-05
197,heavy,1.5264475737356544e-05
198,bold,1.5167903365755926e-05
199,afghan,1.5167903365755926e-05
200,certain,1.5068391798470226e-05
201,wacky,1.4977375896357346e-05
202,respectable,1.4977375896357346e-05
203,occasional,1.4597899833151314e-05
204,upscale,1.4403599991609953e-05
205,enormous,1.4403230304414451e-05
206,sexy,1.4403230304414451e-05
207,south,1.419044249690535e-05
208,go-to,1.4178095478030923e-05
209,assorted,1.4164865659433528e-05
210,greasy,1.3987164501557533e-05
211,luxurious,1.368051763521344e-05
212,rainy,1.368051763521344e-05
213,chopped,1.368051763521344e-05
214,leafy,1.361700787054104e-05
215,dolsot,1.361700787054104e-05
216,distant,1.361700787054104e-05
217,private,1.3540978053378039e-05
218,drunken,1.3453634027622614e-05
219,well,1.3453634027622614e-05
220,ayce,1.3453634027622614e-05
221,willing,1.3144747445122722e-05
222,endless,1.2975910962801163e-05
223,chaotic,1.2975910962801163e-05
224,lol,1.2794435151812255e-05
225,west,1.2753939968001122e-05
226,plentiful,1.2690281111525504e-05
227,nearby,1.2690281111525504e-05
228,curious,1.2686576544548978e-05
229,airy,1.2553349510713467e-05
230,well-made,1.2466051134586058e-05
231,non-dog,1.2466051134586058e-05
232,samgyupsal,1.2466051134586058e-05
233,spiced,1.2288776608118391e-05
234,scrumptious,1.2288776608118391e-05
235,normal,1.2186139377755812e-05
236,gooey,1.2122100907349718e-05
237,grand,1.1964314537704773e-05
238,dim,1.1964314537704773e-05
239,chilly,1.1955153911425024e-05
240,self-serve,1.1955153911425024e-05
241,colder,1.1955153911425024e-05
242,savory,1.194304647534594e-05
243,organic,1.1941257417814013e-05
244,hefty,1.1930188500613355e-05
245,seasoned,1.1930188500613355e-05
246,north,1.1606562706742483e-05
247,speedy,1.1606562706742483e-05
248,exotic,1.1606562706742483e-05
249,lively,1.1408596341790403e-05
250,picky,1.1316514002457298e-05
251,golden,1.1289820262116798e-05
252,roasted,1.1216226369610998e-05
253,entertaining,1.1196325425809348e-05
254,vast,1.094425513782152e-05
255,decadent,1.0857586652889958e-05
256,pricier,1.0703828771052329e-05
257,tamil,1.0541534189901634e-05
258,drier,1.0541534189901634e-05
259,california,1.0541534189901634e-05
260,beefy,1.0541534189901634e-05
261,jerk,1.0541534189901634e-05
262,contrary,1.0541534189901634e-05
263,afghani,1.0515590532606256e-05
264,lit,1.0515590532606256e-05
265,salted,1.0515590532606256e-05
266,european,1.0515590532606256e-05
267,useful,1.0515590532606256e-05
268,fellow,1.0448818484424605e-05
269,tricky,1.0312612982015702e-05
270,bottled,1.0312612982015702e-05
271,usual,1.0272226875184119e-05
272,middle,1.018713805768825e-05
273,guilty,1.0011642181956801e-05
274,chill,1.0011642181956801e-05
275,narrow,9.84122986547856e-06
276,worthwhile,9.731933222100876e-06
277,smoked,9.701866108270048e-06
278,messy,9.701866108270048e-06
279,buttery,9.701866108270048e-06
280,medium,9.522423824773489e-06
281,chewy,9.452215865558732e-06
282,basic,9.397921041536752e-06
283,colossal,9.349538350939543e-06
284,oyster,9.349538350939543e-06
285,alaskan,9.349538350939543e-06
286,non-spicy,9.349538350939543e-06
287,comedic,9.349538350939543e-06
288,blackened,9.338533362104744e-06
289,halal,9.338533362104744e-06
290,cuban,9.245805641993978e-06
291,moderate,9.245805641993978e-06
292,crowded,9.245805641993978e-06
293,whipped,9.245805641993978e-06
294,blue,9.13830792198567e-06
295,noisy,9.128912898373238e-06
296,similar,9.025268605304542e-06
297,thick,9.020620635186122e-06
298,continental,9.015348624868705e-06
299,adventurous,9.015348624868705e-06
300,english,8.972981095688804e-06
301,sizable,8.969089351748409e-06
302,humongous,8.969089351748409e-06
303,gritty,8.969089351748409e-06
304,urban,8.969089351748409e-06
305,overwhelming,8.965068689886363e-06
306,higher,8.956876293158023e-06
307,half,8.805321832076576e-06
308,fresher,8.696432444850765e-06
309,exquisite,8.696432444850765e-06
310,active,8.696432444850765e-06
311,malaysian,8.696432444850765e-06
312,fragrant,8.423526207690411e-06
313,balanced,8.423526207690411e-06
314,tad,8.423526207690411e-06
315,thin,8.412687165549269e-06
316,romantic,8.223186385173514e-06
317,doughy,8.208449921492793e-06
318,unusual,8.208449921492793e-06
319,unhealthy,8.10994435175073e-06
320,shareable,8.10994435175073e-06
321,smallish,8.10994435175073e-06
322,conscious,8.10994435175073e-06
323,satisfied,8.10994435175073e-06
324,circular,8.10994435175073e-06
325,dingy,8.10994435175073e-06
326,callous,8.10994435175073e-06
327,baked,8.03701470361156e-06
328,low,7.93316813232713e-06
329,white,7.927121761160721e-06
330,real,7.802912293930632e-06
331,catfish,7.737708471161656e-06
332,portuguese,7.737708471161656e-06
333,underground,7.737708471161656e-06
334,notorious,7.737708471161656e-06
335,fruity,7.737708471161656e-06
336,western,7.737708471161656e-06
337,sooner,7.737708471161656e-06
338,drunk,7.72240463633749e-06
339,dark,7.710448749382615e-06
340,crystal,7.639606184455597e-06
341,plump,7.639606184455597e-06
342,colourful,7.639606184455597e-06
343,expansive,7.639606184455597e-06
344,aforementioned,7.639606184455597e-06
345,homely,7.639606184455597e-06
346,funniest,7.639606184455597e-06
347,intrusive,7.639606184455597e-06
348,plush,7.639606184455597e-06
349,teeny,7.639606184455597e-06
350,wee,7.639606184455597e-06
351,lazy,7.585306903085885e-06
352,tacky,7.560834515247555e-06
353,sweeter,7.560834515247555e-06
354,worthy,7.560834515247555e-06
355,oriental,7.488687948178673e-06
356,sociable,7.488687948178673e-06
357,korean-chinese,7.488687948178673e-06
358,sizeable,7.488687948178673e-06
359,hungover,7.488687948178673e-06
360,condensed,7.488687948178673e-06
361,nominal,7.488687948178673e-06
362,juicier,7.488687948178673e-06
363,crummy,7.488687948178673e-06
364,summerlicious,7.488687948178673e-06
365,bamboo,7.488687948178673e-06
366,decorative,7.488687948178673e-06
367,sumo,7.488687948178673e-06
368,kitschy,7.488687948178673e-06
369,bamiyan,7.488687948178673e-06
370,expected,7.488687948178673e-06
371,thinner,7.482858638177977e-06
372,russian,7.482858638177977e-06
373,saucy,7.482858638177977e-06
374,non,7.477484246407332e-06
375,cheapest,7.477484246407332e-06
376,lovely,7.457959939105533e-06
377,wise,7.267649497618275e-06
378,crispier,7.082432829716764e-06
379,contemporary,7.082432829716764e-06
380,hotter,7.082432829716764e-06
381,justice,7.082432829716764e-06
382,stuffed,6.9019795411885855e-06
383,separate,6.893086711395578e-06
384,creepy,6.845157805074242e-06
385,packed,6.845157805074242e-06
386,comparable,6.829679309467561e-06
387,seasonal,6.770489026689019e-06
388,cleanest,6.744798178865928e-06
389,upbeat,6.7297358217666025e-06
390,funky,6.716104055445739e-06
391,frequent,6.6453479006029895e-06
392,very,6.540160955247964e-06
393,alcoholic,6.4879554814005815e-06
394,balsamic,6.4879554814005815e-06
395,clay,6.4879554814005815e-06
396,welcome,6.27619287703671e-06
397,trendy,6.246913999105005e-06
398,flavorable,6.233025567293029e-06
399,all-star,6.233025567293029e-06
400,goodbye,6.233025567293029e-06
401,sultry,6.233025567293029e-06
402,peruvian,6.233025567293029e-06
403,implantable,6.233025567293029e-06
404,metered,6.233025567293029e-06
405,tentative,6.233025567293029e-06
406,assembly,6.233025567293029e-06
407,hers,6.233025567293029e-06
408,intriguing,6.233025567293029e-06
409,unrivaled,6.233025567293029e-06
410,deadly,6.233025567293029e-06
411,curried,6.233025567293029e-06
412,nerdy,6.233025567293029e-06
413,southern-inspired,6.233025567293029e-06
414,artsy,6.233025567293029e-06
415,atypical,6.233025567293029e-06
416,disproportionate,6.233025567293029e-06
417,truffled,6.233025567293029e-06
418,innocent,6.233025567293029e-06
419,joyful,6.233025567293029e-06
420,unidentified,6.233025567293029e-06
421,soondae,6.233025567293029e-06
422,ready-to-eat,6.233025567293029e-06
423,roomier,6.233025567293029e-06
424,nutella,6.233025567293029e-06
425,minimalistic,6.233025567293029e-06
426,inspiring,6.233025567293029e-06
427,intact,6.233025567293029e-06
428,crisper,6.233025567293029e-06
429,snug,6.233025567293029e-06
430,springy,6.233025567293029e-06
431,artisanal,6.233025567293029e-06
432,ottoman,6.233025567293029e-06
433,unnamed,6.233025567293029e-06
434,hysterical,6.233025567293029e-06
435,kickass,6.233025567293029e-06
436,stark,6.233025567293029e-06
437,comfort,6.233025567293029e-06
438,eggceptional,6.233025567293029e-06
439,offbeat,6.233025567293029e-06
440,down-home,6.233025567293029e-06
441,aching,6.233025567293029e-06
442,bonus-,6.233025567293029e-06
443,refined,6.233025567293029e-06
444,well-behaved,6.233025567293029e-06
445,elevated,6.233025567293029e-06
446,hand-made,6.233025567293029e-06
447,quality,6.233025567293029e-06
448,soft-serve,6.233025567293029e-06
449,bangin,6.233025567293029e-06
450,kitchy,6.233025567293029e-06
451,considerable,6.233025567293029e-06
452,up-scale,6.233025567293029e-06
453,non-rush,6.233025567293029e-06
454,upmarket,6.233025567293029e-06
455,non-bbq,6.233025567293029e-06
456,presentable,6.233025567293029e-06
457,full-size,6.233025567293029e-06
458,ever-present,6.233025567293029e-06
459,hybrid,6.233025567293029e-06
460,must-visit,6.233025567293029e-06
461,chetinnad,6.233025567293029e-06
462,righteous,6.233025567293029e-06
463,non-fast,6.233025567293029e-06
464,memorable,6.148814492347597e-06
465,native,6.144388304059196e-06
466,dependable,6.144388304059196e-06
467,flavored,6.144388304059196e-06
468,braised,6.144388304059196e-06
469,spicier,6.144388304059196e-06
470,adequate,6.085941932248826e-06
471,funnel,6.045300239665358e-06
472,mocha,6.045300239665358e-06
473,seared,6.045300239665358e-06
474,fall-off-the-bone,6.045300239665358e-06
475,family-owned,6.045300239665358e-06
476,doggie,6.045300239665358e-06
477,nondescript,6.045300239665358e-06
478,suburban,6.045300239665358e-06
479,sturdy,6.045300239665358e-06
480,steep,6.024011498459876e-06
481,addictive,6.010232416579135e-06
482,brilliant,6.010232416579135e-06
483,attractive,5.981987397125869e-06
484,divine,5.970628708907007e-06
485,seaweed,5.970628708907007e-06
486,legit,5.608024579372916e-06
487,turkish,5.512790225695908e-06
488,mediterranean,5.511697773766827e-06
489,interactive,5.47212756891076e-06
490,tropical,5.47212756891076e-06
491,interior,5.47212756891076e-06
492,dried,5.47212756891076e-06
493,themed,5.47212756891076e-06
494,sauteed,5.47212756891076e-06
495,crusted,5.47212756891076e-06
496,sober,5.47212756891076e-06
497,shaved,5.47212756891076e-06
498,talkative,5.47212756891076e-06
499,particular,5.2926653533232085e-06
500,delectable,5.2814709896841035e-06
501,kinda,5.277843184063476e-06
502,chic,5.234238972485132e-06
503,pulled,5.22594056993828e-06
504,square,5.22594056993828e-06
505,handmade,5.22594056993828e-06
506,flaky,5.22594056993828e-06
507,wow,5.20544811141854e-06
508,careful,4.966311361965365e-06
509,artistic,4.865966611050438e-06
510,onolicious,4.865966611050438e-06
511,latino,4.865966611050438e-06
512,inner,4.865966611050438e-06
513,cheery,4.865966611050438e-06
514,conventional,4.865966611050438e-06
515,iraqi,4.865966611050438e-06
516,inclusive,4.865966611050438e-06
517,secret,4.865966611050438e-06
518,shwarma,4.865966611050438e-06
519,darn,4.865966611050438e-06
520,historical,4.865966611050438e-06
521,peak,4.865966611050438e-06
522,heated,4.865966611050438e-06
523,bready,4.865966611050438e-06
524,20th,4.865966611050438e-06
525,default,4.865966611050438e-06
526,salty,4.8534083244160026e-06
527,mongolian,4.778788854514063e-06
528,classy,4.607686175449049e-06
529,afraid,4.607686175449049e-06
530,annual,4.563438536716161e-06
531,mere,4.563438536716161e-06
532,indulgent,4.563438536716161e-06
533,gigantic,4.532112578059456e-06
534,canadian,4.532112578059456e-06
535,competitive,4.532112578059456e-06
536,gonna,4.490753341859272e-06
537,pre-made,4.486490547844402e-06
538,upper,4.486490547844402e-06
539,playful,4.4845446758742045e-06
540,imho,4.4845446758742045e-06
541,hooray,4.4845446758742045e-06
542,victorian,4.4845446758742045e-06
543,garlicky,4.4845446758742045e-06
544,jerky,4.4845446758742045e-06
545,fiery,4.4845446758742045e-06
546,no-pressure,4.4845446758742045e-06
547,thanksgiving,4.4845446758742045e-06
548,marbled,4.4845446758742045e-06
549,creamed,4.4845446758742045e-06
550,taro,4.4845446758742045e-06
551,nutty,4.4845446758742045e-06
552,claustrophobic,4.4845446758742045e-06
553,mid-level,4.4845446758742045e-06
554,requisite,4.4845446758742045e-06
555,imaginative,4.4845446758742045e-06
556,trashy,4.4845446758742045e-06
557,plural,4.4845446758742045e-06
558,cross-legged,4.4845446758742045e-06
559,seedy,4.4845446758742045e-06
560,objective,4.4845446758742045e-06
561,jolly,4.4845446758742045e-06
562,muslim,4.4845446758742045e-06
563,surprise,4.4845446758742045e-06
564,caramel,4.4845446758742045e-06
565,overkill,4.4845446758742045e-06
566,meat-based,4.4845446758742045e-06
567,foggy,4.4845446758742045e-06
568,hi,4.4845446758742045e-06
569,educational,4.4845446758742045e-06
570,girly,4.4845446758742045e-06
571,unattended,4.4845446758742045e-06
572,friendlier,4.482534344943181e-06
573,uptown,4.482534344943181e-06
574,distinct,4.482534344943181e-06
575,brief,4.482534344943181e-06
576,wild,4.482534344943181e-06
577,colorful,4.482534344943181e-06
578,deep,4.409141721357691e-06
579,greek,4.148618445201303e-06
580,polite,4.051565925462882e-06
581,mint,4.04888980158227e-06
582,unexpected,3.9503315721462215e-06
583,familiar,3.900629459074337e-06
584,mock,3.868854235580828e-06
585,swedish,3.868854235580828e-06
586,hello,3.868854235580828e-06
587,belly,3.868854235580828e-06
588,indecisive,3.868854235580828e-06
589,optional,3.868854235580828e-06
590,ironic,3.868854235580828e-06
591,stronger,3.868854235580828e-06
592,milky,3.868854235580828e-06
593,flexible,3.868854235580828e-06
594,imo,3.868854235580828e-06
595,galore,3.868854235580828e-06
596,mouth-watering,3.868854235580828e-06
597,midwestern,3.868854235580828e-06
598,understandable,3.861202318168745e-06
599,easy,3.831756952415341e-06
600,southern,3.820767567257463e-06
601,industrial,3.787030830945865e-06
602,warmer,3.787030830945865e-06
603,limited,3.780886346223493e-06
604,5th,3.7414293190889885e-06
605,apparent,3.7414293190889885e-06
606,sophisticated,3.7414293190889885e-06
607,significant,3.7414293190889885e-06
608,tidy,3.7414293190889885e-06
609,exemplary,3.7414293190889885e-06
610,grey,3.738742123203666e-06
611,shy,3.738742123203666e-06
612,substantial,3.738742123203666e-06
613,immaculate,3.738742123203666e-06
614,loved,3.738742123203666e-06
615,opposite,3.738742123203666e-06
616,excessive,3.738742123203666e-06
617,custom,3.432797416586092e-06
618,latin,3.323021062540244e-06
619,premium,3.323021062540244e-06
620,gorgeous,3.26114726121729e-06
621,practical,3.2439777407002908e-06
622,bummer,3.2439777407002908e-06
623,well-known,3.2439777407002908e-06
624,tighter,3.2439777407002908e-06
625,broad,3.2439777407002908e-06
626,babaganoush,3.2439777407002908e-06
627,multi,3.2439777407002908e-06
628,chocolatey,3.2439777407002908e-06
629,attached,3.2439777407002908e-06
630,richer,3.2439777407002908e-06
631,hardcore,3.2439777407002908e-06
632,youngest,3.2439777407002908e-06
633,tastey,3.2439777407002908e-06
634,unfresh,3.2439777407002908e-06
635,non-greasy,3.2439777407002908e-06
636,wider,3.2439777407002908e-06
637,mandatory,3.2439777407002908e-06
638,jealous,3.2439777407002908e-06
639,inventive,3.2439777407002908e-06
640,quickest,3.2439777407002908e-06
641,divey,3.2439777407002908e-06
642,first-time,3.2439777407002908e-06
643,abrupt,3.2439777407002908e-06
644,savvy,3.2439777407002908e-06
645,scented,3.2439777407002908e-06
646,surreal,3.2439777407002908e-06
647,flakey,3.2439777407002908e-06
648,neon,3.2439777407002908e-06
649,portobello,3.2439777407002908e-06
650,mango,3.2439777407002908e-06
651,hangry,3.2439777407002908e-06
652,adamant,3.2439777407002908e-06
653,lavish,3.2439777407002908e-06
654,portable,3.2439777407002908e-06
655,overpowering,3.2439777407002908e-06
656,pregnant,3.1234569995525025e-06
657,toasted,3.1234569995525025e-06
658,cheerful,3.1234569995525025e-06
659,unlimited,3.1234569995525025e-06
660,eclectic,3.1234569995525025e-06
661,baby-less,3.1165127836465144e-06
662,thai/vietnamese,3.1165127836465144e-06
663,charlotte/sorta,3.1165127836465144e-06
664,kafta,3.1165127836465144e-06
665,hoppin,3.1165127836465144e-06
666,suspect---but,3.1165127836465144e-06
667,huihui,3.1165127836465144e-06
668,mainland,3.1165127836465144e-06
669,fearless,3.1165127836465144e-06
670,premade.,3.1165127836465144e-06
671,idk,3.1165127836465144e-06
672,super-tasty,3.1165127836465144e-06
673,leftist,3.1165127836465144e-06
674,non-lunch,3.1165127836465144e-06
675,mennonite,3.1165127836465144e-06
676,flafel,3.1165127836465144e-06
677,frozen/frosted,3.1165127836465144e-06
678,galub,3.1165127836465144e-06
679,fyi,3.1165127836465144e-06
680,furikake,3.1165127836465144e-06
681,torta/taco,3.1165127836465144e-06
682,sago-like,3.1165127836465144e-06
683,wonderful--love,3.1165127836465144e-06
684,befire,3.1165127836465144e-06
685,hand-rolled,3.1165127836465144e-06
686,effortless,3.1165127836465144e-06
687,wood-fired,3.1165127836465144e-06
688,agedashi,3.1165127836465144e-06
689,sane,3.1165127836465144e-06
690,top--hard,3.1165127836465144e-06
691,lowbrow,3.1165127836465144e-06
692,sauvignon,3.1165127836465144e-06
693,low-priced,3.1165127836465144e-06
694,truest,3.1165127836465144e-06
695,thickest,3.1165127836465144e-06
696,bacterial,3.1165127836465144e-06
697,afew,3.1165127836465144e-06
698,bánh,3.1165127836465144e-06
699,newfangled,3.1165127836465144e-06
700,well-thought,3.1165127836465144e-06
701,broadest,3.1165127836465144e-06
702,outdoors,3.1165127836465144e-06
703,panfried,3.1165127836465144e-06
704,slicker,3.1165127836465144e-06
705,hippest,3.1165127836465144e-06
706,channai,3.1165127836465144e-06
707,mutter,3.1165127836465144e-06
708,pasiano,3.1165127836465144e-06
709,latta,3.1165127836465144e-06
710,corrupt,3.1165127836465144e-06
711,rach,3.1165127836465144e-06
712,yeh,3.1165127836465144e-06
713,macadamian,3.1165127836465144e-06
714,not-so-fresh,3.1165127836465144e-06
715,seaweed-based,3.1165127836465144e-06
716,octupus,3.1165127836465144e-06
717,post-bar,3.1165127836465144e-06
718,muffled,3.1165127836465144e-06
719,little.,3.1165127836465144e-06
720,makchang,3.1165127836465144e-06
721,broader,3.1165127836465144e-06
722,mans,3.1165127836465144e-06
723,*wrong*,3.1165127836465144e-06
724,swampier,3.1165127836465144e-06
725,1/4lb,3.1165127836465144e-06
726,accompanie,3.1165127836465144e-06
727,pleasurable,3.1165127836465144e-06
728,jaw-dropping,3.1165127836465144e-06
729,te,3.1165127836465144e-06
730,caprice,3.1165127836465144e-06
731,well-marinaded,3.1165127836465144e-06
732,trouverez,3.1165127836465144e-06
733,tinier,3.1165127836465144e-06
734,musky,3.1165127836465144e-06
735,plastic-wrapped,3.1165127836465144e-06
736,franca,3.1165127836465144e-06
737,melt-in-the-mouth,3.1165127836465144e-06
738,overdressed,3.1165127836465144e-06
739,minute,3.1165127836465144e-06
740,parma/brooklyn,3.1165127836465144e-06
741,fuller,3.1165127836465144e-06
742,26th,3.1165127836465144e-06
743,vinagarette,3.1165127836465144e-06
744,stained-glass,3.1165127836465144e-06
745,high-ceiling,3.1165127836465144e-06
746,vigorous,3.1165127836465144e-06
747,special,chicken,3.1165127836465144e-06
748,beaufiful,3.1165127836465144e-06
749,over-ordered,3.1165127836465144e-06
750,country-sportsbar,3.1165127836465144e-06
751,cumbersome,3.1165127836465144e-06
752,date,3.1165127836465144e-06
753,led,3.1165127836465144e-06
754,gradual,3.1165127836465144e-06
755,on,3.1165127836465144e-06
756,amazing-sounding,3.1165127836465144e-06
757,gut-bomb,3.1165127836465144e-06
758,hot-pot,3.1165127836465144e-06
759,sro,3.1165127836465144e-06
760,5star,3.1165127836465144e-06
761,delicious--smoky,3.1165127836465144e-06
762,ya,3.1165127836465144e-06
763,tucked-in,3.1165127836465144e-06
764,heterogeneous,3.1165127836465144e-06
765,pan-am,3.1165127836465144e-06
766,interesting/alternative,3.1165127836465144e-06
767,ends-up-in-your-lap,3.1165127836465144e-06
768,hell,3.1165127836465144e-06
769,spook-tacular,3.1165127836465144e-06
770,incaffeinated,3.1165127836465144e-06
771,standard--musaengchae,3.1165127836465144e-06
772,poke/seafood,3.1165127836465144e-06
773,bona,3.1165127836465144e-06
774,cheesiest,3.1165127836465144e-06
775,we-do,3.1165127836465144e-06
776,acute,3.1165127836465144e-06
777,low-fat,3.1165127836465144e-06
778,mast-,3.1165127836465144e-06
779,flavorful.,3.1165127836465144e-06
780,cajun/mexican,3.1165127836465144e-06
781,bumpin,3.1165127836465144e-06
782,too-thick,3.1165127836465144e-06
783,wasteful,3.1165127836465144e-06
784,cookéd,3.1165127836465144e-06
785,quesdilla,3.1165127836465144e-06
786,kabuli,3.1165127836465144e-06
787,pan,3.1165127836465144e-06
788,nacho-something,3.1165127836465144e-06
789,no-grease,3.1165127836465144e-06
790,salmon-like,3.1165127836465144e-06
791,heehee,3.1165127836465144e-06
792,english/chinese,3.1165127836465144e-06
793,great--i,3.1165127836465144e-06
794,obviou$,3.1165127836465144e-06
795,church-like,3.1165127836465144e-06
796,topmost,3.1165127836465144e-06
797,itemized,3.1165127836465144e-06
798,great--this,3.1165127836465144e-06
799,ala,3.1165127836465144e-06
800,hentai,3.1165127836465144e-06
801,spice,3.1165127836465144e-06
802,lime-a-holic,3.1165127836465144e-06
803,jersey,3.1165127836465144e-06
804,perkcup,3.1165127836465144e-06
805,boba-deficient,3.1165127836465144e-06
806,silver-haired,3.1165127836465144e-06
807,notch--they,3.1165127836465144e-06
808,a/c,3.1165127836465144e-06
809,singaporean,3.1165127836465144e-06
810,greasey,3.1165127836465144e-06
811,logo-ed,3.1165127836465144e-06
812,dueling,3.1165127836465144e-06
813,texas-sized,3.1165127836465144e-06
814,barbecued,3.1165127836465144e-06
815,forewarned,3.1165127836465144e-06
816,frothier,3.1165127836465144e-06
817,great--a,3.1165127836465144e-06
818,grumpier,3.1165127836465144e-06
819,subway-style,3.1165127836465144e-06
820,fide,3.1165127836465144e-06
821,pretzel-related,3.1165127836465144e-06
822,two-seater,3.1165127836465144e-06
823,multicultural,3.1165127836465144e-06
824,smoked-then-fried,3.1165127836465144e-06
825,unrelated,3.1165127836465144e-06
826,primal,3.1165127836465144e-06
827,boy-/girl-friend,3.1165127836465144e-06
828,kun-pao,3.1165127836465144e-06
829,unequivocal,3.1165127836465144e-06
830,urbane,3.1165127836465144e-06
831,arancini,3.1165127836465144e-06
832,church-y,3.1165127836465144e-06
833,tanzanian,3.1165127836465144e-06
834,reclaimed,3.1165127836465144e-06
835,options,low,3.1165127836465144e-06
836,50s,3.1165127836465144e-06
837,none-the-less,3.1165127836465144e-06
838,loft-like,3.1165127836465144e-06
839,fresh--broccoli,3.1165127836465144e-06
840,over-stuffed,3.1165127836465144e-06
841,hard/soft,3.1165127836465144e-06
842,fusion,3.1165127836465144e-06
843,loungey,3.1165127836465144e-06
844,sha-cha,3.1165127836465144e-06
845,premature,3.1165127836465144e-06
846,amicable,3.1165127836465144e-06
847,phylo,3.1165127836465144e-06
848,powdered,3.1165127836465144e-06
849,gone-but-not-lamented,3.1165127836465144e-06
850,decent.,3.1165127836465144e-06
851,order-at-the-counter-and-seat-yourself,3.1165127836465144e-06
852,takeout/delivery,3.1165127836465144e-06
853,bountyful,3.1165127836465144e-06
854,pro-rated,3.1165127836465144e-06
855,allergies/personal,3.1165127836465144e-06
856,fast--like,3.1165127836465144e-06
857,zen-ish,3.1165127836465144e-06
858,intentional,3.1165127836465144e-06
859,tiramisu,3.1165127836465144e-06
860,tame,3.1165127836465144e-06
861,touch-screen,3.1165127836465144e-06
862,enought,3.1165127836465144e-06
863,sea-saltless,3.1165127836465144e-06
864,budae,3.1165127836465144e-06
865,enticing,3.1165127836465144e-06
866,faux-gucci,3.1165127836465144e-06
867,swank,3.1165127836465144e-06
868,socialized,3.1165127836465144e-06
869,lamb,3.1165127836465144e-06
870,salmom,3.1165127836465144e-06
871,concentrated,3.1165127836465144e-06
872,bacon,mushroom,3.1165127836465144e-06
873,gorganzola,3.1165127836465144e-06
874,hotess/senior,3.1165127836465144e-06
875,insalata,3.1165127836465144e-06
876,frist,3.1165127836465144e-06
877,butthurt,3.1165127836465144e-06
878,jovial,3.1165127836465144e-06
879,week,nice,3.1165127836465144e-06
880,ehhhh,3.1165127836465144e-06
881,theamed,3.1165127836465144e-06
882,family-oriented,3.1165127836465144e-06
883,montreal-style,3.1165127836465144e-06
884,numbered,3.1165127836465144e-06
885,filthier,3.1165127836465144e-06
886,precognitive,3.1165127836465144e-06
887,antiquated,3.1165127836465144e-06
888,would-be,3.1165127836465144e-06
889,drunken-haze,3.1165127836465144e-06
890,carnasada,3.1165127836465144e-06
891,non-organic,3.1165127836465144e-06
892,broke-da-mouth,3.1165127836465144e-06
893,bimbim,3.1165127836465144e-06
894,excellent--very,3.1165127836465144e-06
895,-active,3.1165127836465144e-06
896,alc,3.1165127836465144e-06
897,woody,3.1165127836465144e-06
898,lite,3.1165127836465144e-06
899,simcoe-hopped,3.1165127836465144e-06
900,dduk-guk,3.1165127836465144e-06
901,next-door,3.1165127836465144e-06
902,chicken,steak,3.1165127836465144e-06
903,moo-shu,3.1165127836465144e-06
904,non-seasonal,3.1165127836465144e-06
905,yumm,3.1165127836465144e-06
906,proficient,3.1165127836465144e-06
907,cramped--it,3.1165127836465144e-06
908,char-grilled,3.1165127836465144e-06
909,non-comparable,3.1165127836465144e-06
910,beige,3.1165127836465144e-06
911,pittsburgh-style,3.1165127836465144e-06
912,forever,3.1165127836465144e-06
913,k,3.1165127836465144e-06
914,peppered,3.1165127836465144e-06
915,ultra-delicious,3.1165127836465144e-06
916,lumberjack,3.1165127836465144e-06
917,madasada,3.1165127836465144e-06
918,well-portioned,3.1165127836465144e-06
919,devout,3.1165127836465144e-06
920,added-value,3.1165127836465144e-06
921,bucknoodle,3.1165127836465144e-06
922,jicama&papaya,3.1165127836465144e-06
923,fusion/southern,3.1165127836465144e-06
924,effcient,3.1165127836465144e-06
925,yuumilious,3.1165127836465144e-06
926,bottle-shaped,3.1165127836465144e-06
927,afterthought,3.1165127836465144e-06
928,well-equipped,3.1165127836465144e-06
929,lemon-garlic,3.1165127836465144e-06
930,table-dedicated,3.1165127836465144e-06
931,merrier,3.1165127836465144e-06
932,stlye,3.1165127836465144e-06
933,torpedo,3.1165127836465144e-06
934,bum,3.1165127836465144e-06
935,scenic,3.1165127836465144e-06
936,loud--make,3.1165127836465144e-06
937,meatball-sized,3.1165127836465144e-06
938,fetal-like,3.1165127836465144e-06
939,on-point,3.1165127836465144e-06
940,super-sized,3.1165127836465144e-06
941,great--very,3.1165127836465144e-06
942,home,3.1165127836465144e-06
943,concrete,3.1165127836465144e-06
944,piecemeal,3.1165127836465144e-06
945,out-and,3.1165127836465144e-06
946,boldest,3.1165127836465144e-06
947,reduced/elikinated,3.1165127836465144e-06
948,overprotective,3.1165127836465144e-06
949,wittiest,3.1165127836465144e-06
950,markville,3.1165127836465144e-06
951,corn-fed,3.1165127836465144e-06
952,continental+,3.1165127836465144e-06
953,panko-like,3.1165127836465144e-06
954,yogurt-like,3.1165127836465144e-06
955,glory,3.1165127836465144e-06
956,kebob,3.1165127836465144e-06
957,cow-head,3.1165127836465144e-06
958,small...,3.1165127836465144e-06
959,pixie-like,3.1165127836465144e-06
960,half-star,3.1165127836465144e-06
961,pay-at-the-counter,3.1165127836465144e-06
962,sashimi/sushi,3.1165127836465144e-06
963,longstanding,3.1165127836465144e-06
964,ghiradelli,3.1165127836465144e-06
965,japanese-inspired,3.1165127836465144e-06
966,daytime,3.1165127836465144e-06
967,trouble-free,3.1165127836465144e-06
968,lowly,3.1165127836465144e-06
969,fresh,small,3.1165127836465144e-06
970,stick-like,3.1165127836465144e-06
971,seaflood,3.1165127836465144e-06
972,doubt,3.1165127836465144e-06
973,pretty-good,3.1165127836465144e-06
974,corrective,3.1165127836465144e-06
975,rough-around-the-edges,3.1165127836465144e-06
976,freindly/helpful/knowledgeable,3.1165127836465144e-06
977,hahaha,3.1165127836465144e-06
978,place-so,3.1165127836465144e-06
979,unpredictable,3.1165127836465144e-06
980,gentile,3.1165127836465144e-06
981,smooth-crunchy,3.1165127836465144e-06
982,squeamish,3.1165127836465144e-06
983,weeny,3.1165127836465144e-06
984,on-food,3.1165127836465144e-06
985,biotic,3.1165127836465144e-06
986,bound,3.1165127836465144e-06
987,gelatin-like,3.1165127836465144e-06
988,sexiest,3.1165127836465144e-06
989,beef-only,3.1165127836465144e-06
990,sunny-side-up,3.1165127836465144e-06
991,smal,3.1165127836465144e-06
992,fajita/season,3.1165127836465144e-06
993,dogcentric,3.1165127836465144e-06
994,driveup,3.1165127836465144e-06
995,tortas,3.1165127836465144e-06
996,above-average,3.1165127836465144e-06
997,occassional,3.1165127836465144e-06
998,go-to-sushi,3.1165127836465144e-06
999,pur,3.1165127836465144e-06
1000,peppy,3.1165127836465144e-06
1001,eggsalad,3.1165127836465144e-06
1002,apricot,3.1165127836465144e-06
1003,bucket-load,3.1165127836465144e-06
1004,off-menu,3.1165127836465144e-06
1005,faint,3.1165127836465144e-06
1006,choco,3.1165127836465144e-06
1007,around--especially,3.1165127836465144e-06
1008,sans,3.1165127836465144e-06
1009,manchengo,3.1165127836465144e-06
1010,provocative,3.1165127836465144e-06
1011,diferent,3.1165127836465144e-06
1012,chosen,3.1165127836465144e-06
1013,crostata--with,3.1165127836465144e-06
1014,standalone,3.1165127836465144e-06
1015,bigger-than-your-head,3.1165127836465144e-06
1016,pay-grade,3.1165127836465144e-06
1017,yogurt-based,3.1165127836465144e-06
1018,frightful,3.1165127836465144e-06
1019,meatarian,3.1165127836465144e-06
1020,gravy-logged,3.1165127836465144e-06
1021,allons-y,3.1165127836465144e-06
1022,aesthetics,3.1165127836465144e-06
1023,custom-made,3.1165127836465144e-06
1024,good,and,3.1165127836465144e-06
1025,madras,3.1165127836465144e-06
1026,kalamata,3.1165127836465144e-06
1027,creaky,3.1165127836465144e-06
1028,copacetic,3.1165127836465144e-06
1029,omnipresent,3.1165127836465144e-06
1030,oh-so-good,3.1165127836465144e-06
1031,othe,3.1165127836465144e-06
1032,intrinsic,3.1165127836465144e-06
1033,great-but,3.1165127836465144e-06
1034,amountof,3.1165127836465144e-06
1035,dorktastic,3.1165127836465144e-06
1036,not-quite-fresh,3.1165127836465144e-06
1037,soy-saturated,3.1165127836465144e-06
1038,ethereal,3.1165127836465144e-06
1039,nra-approved,3.1165127836465144e-06
1040,life-long,3.1165127836465144e-06
1041,double-sided,3.1165127836465144e-06
1042,grissel,3.1165127836465144e-06
1043,chocolate/caramel,3.1165127836465144e-06
1044,truck--but,3.1165127836465144e-06
1045,sino-korean,3.1165127836465144e-06
1046,post-night,3.1165127836465144e-06
1047,fat,3.1165127836465144e-06
1048,bookmarked,3.1165127836465144e-06
1049,non-marinated,3.1165127836465144e-06
1050,a-,3.1165127836465144e-06
1051,post-dinner,3.1165127836465144e-06
1052,delisch,3.1165127836465144e-06
1053,esoteric,3.1165127836465144e-06
1054,father-son,3.1165127836465144e-06
1055,cocunut,3.1165127836465144e-06
1056,retardo,3.1165127836465144e-06
1057,roasted/charred,3.1165127836465144e-06
1058,appointment..these,3.1165127836465144e-06
1059,overpriced/expensive-,3.1165127836465144e-06
1060,clappy,3.1165127836465144e-06
1061,bi-hourly,3.1165127836465144e-06
1062,orange-y,3.1165127836465144e-06
1063,detectable,3.1165127836465144e-06
1064,dee-licious,3.1165127836465144e-06
1065,car-wash,3.1165127836465144e-06
1066,tourist-price,3.1165127836465144e-06
1067,boldak,3.1165127836465144e-06
1068,cold-pressed,3.1165127836465144e-06
1069,mariachi,3.1165127836465144e-06
1070,roll-the-dice,3.1165127836465144e-06
1071,southern-style,3.1165127836465144e-06
1072,worn-out,3.1165127836465144e-06
1073,compressed,3.1165127836465144e-06
1074,tell-tale,3.1165127836465144e-06
1075,peterskis3,3.1165127836465144e-06
1076,baileys,3.1165127836465144e-06
1077,merluzzo,3.1165127836465144e-06
1078,picada,3.1165127836465144e-06
1079,here--i,3.1165127836465144e-06
1080,spiced.,3.1165127836465144e-06
1081,options--which,3.1165127836465144e-06
1082,kababs,3.1165127836465144e-06
1083,-fresh,3.1165127836465144e-06
1084,swissvale,3.1165127836465144e-06
1085,strongest,3.1165127836465144e-06
1086,cajun-spiced,3.1165127836465144e-06
1087,upcharge,3.1165127836465144e-06
1088,flirtatious,3.1165127836465144e-06
1089,-american,3.1165127836465144e-06
1090,closer.,3.1165127836465144e-06
1091,sure.,3.1165127836465144e-06
1092,raw/doughy,3.1165127836465144e-06
1093,loungy,3.1165127836465144e-06
1094,deepfried,3.1165127836465144e-06
1095,prized,3.1165127836465144e-06
1096,grotesque,3.1165127836465144e-06
1097,pastrami,swiss,3.1165127836465144e-06
1098,apart,3.1165127836465144e-06
1099,multi-cheese,3.1165127836465144e-06
1100,non-white,3.1165127836465144e-06
1101,boon,3.1165127836465144e-06
1102,sutlac,3.1165127836465144e-06
1103,*bestie,3.1165127836465144e-06
1104,not-possibly-decide,3.1165127836465144e-06
1105,high-priced,3.1165127836465144e-06
1106,nasty-tasting,3.1165127836465144e-06
1107,presweetened,3.1165127836465144e-06
1108,soondubu--two,3.1165127836465144e-06
1109,timey,3.1165127836465144e-06
1110,out/dine,3.1165127836465144e-06
1111,uphostered,3.1165127836465144e-06
1112,'ol,3.1165127836465144e-06
1113,newlywed,3.1165127836465144e-06
1114,a-m-a-z-i-n-g!,3.1165127836465144e-06
1115,high.,3.1165127836465144e-06
1116,sold--a,3.1165127836465144e-06
1117,legs&,3.1165127836465144e-06
1118,shaky,3.1165127836465144e-06
1119,fondest,3.1165127836465144e-06
1120,good-value,3.1165127836465144e-06
1121,freakish,3.1165127836465144e-06
1122,not-wash-your-sheets-because-it's-the-green-thing-to-do,3.1165127836465144e-06
1123,7am-10am,3.1165127836465144e-06
1124,on-hand,3.1165127836465144e-06
1125,ancient,3.1165127836465144e-06
1126,amish,3.1165127836465144e-06
1127,cohesive,3.1165127836465144e-06
1128,scruptous,3.1165127836465144e-06
1129,tortillas--very,3.1165127836465144e-06
1130,wintery,3.1165127836465144e-06
1131,unsurmountable,3.1165127836465144e-06
1132,thought-out,3.1165127836465144e-06
1133,overbreaded,3.1165127836465144e-06
1134,prevalent,3.1165127836465144e-06
1135,pulpy,3.1165127836465144e-06
1136,zingy,3.1165127836465144e-06
1137,catchy,3.1165127836465144e-06
1138,double-smoked,3.1165127836465144e-06
1139,sigara,3.1165127836465144e-06
1140,one-dimensional,3.1165127836465144e-06
1141,hugggge,3.1165127836465144e-06
1142,breakfast+nice,3.1165127836465144e-06
1143,paranoid,3.1165127836465144e-06
1144,dimmed,3.1165127836465144e-06
1145,maaaaajor,3.1165127836465144e-06
1146,tapioca-based,3.1165127836465144e-06
1147,careful--it's,3.1165127836465144e-06
1148,day-,3.1165127836465144e-06
1149,place-dog,3.1165127836465144e-06
1150,sinotophied,3.1165127836465144e-06
1151,colombian,3.1165127836465144e-06
1152,sultani,3.1165127836465144e-06
1153,vodka/tonic,3.1165127836465144e-06
1154,unenergetic,3.1165127836465144e-06
1155,hi-tea,3.1165127836465144e-06
1156,eastbound,3.1165127836465144e-06
1157,combined,3.1165127836465144e-06
1158,scientific,3.1165127836465144e-06
1159,fail-safe,3.1165127836465144e-06
1160,surround,3.1165127836465144e-06
1161,dan-dan,3.1165127836465144e-06
1162,dog-on,3.1165127836465144e-06
1163,pork,3.1165127836465144e-06
1164,prefered,3.1165127836465144e-06
1165,barred,3.1165127836465144e-06
1166,pesto-topped,3.1165127836465144e-06
1167,eery,3.1165127836465144e-06
1168,arctic,3.1165127836465144e-06
1169,askew,3.1165127836465144e-06
1170,earbud-bursting,3.1165127836465144e-06
1171,punch-you-in-the-mouth,3.1165127836465144e-06
1172,islamic,3.1165127836465144e-06
1173,decor/overall,3.1165127836465144e-06
1174,tree-lined,3.1165127836465144e-06
1175,res,3.1165127836465144e-06
1176,cut-despite,3.1165127836465144e-06
1177,matthews/mint,3.1165127836465144e-06
1178,publc,3.1165127836465144e-06
1179,hallway-like,3.1165127836465144e-06
1180,predetermined,3.1165127836465144e-06
1181,modish,3.1165127836465144e-06
1182,party-till-u-drop,3.1165127836465144e-06
1183,road-rage,3.1165127836465144e-06
1184,besides,3.1165127836465144e-06
1185,tousled,3.1165127836465144e-06
1186,exaggerated,3.1165127836465144e-06
1187,giganto,3.1165127836465144e-06
1188,pub-like,3.1165127836465144e-06
1189,green/black,3.1165127836465144e-06
1190,plated,3.1165127836465144e-06
1191,leche,3.1165127836465144e-06
1192,true-blue,3.1165127836465144e-06
1193,non-rich,3.1165127836465144e-06
1194,inclement,3.1165127836465144e-06
1195,lazy-night,3.1165127836465144e-06
1196,soondubu,3.1165127836465144e-06
1197,delicious-,3.1165127836465144e-06
1198,burrito-style,3.1165127836465144e-06
1199,climactic,3.1165127836465144e-06
1200,mainly,3.1165127836465144e-06
1201,retail,3.1165127836465144e-06
1202,day-before,3.1165127836465144e-06
1203,omg,3.1165127836465144e-06
1204,non-existant,3.1165127836465144e-06
1205,gustatory,3.1165127836465144e-06
1206,freaky,3.1165127836465144e-06
1207,hoisin-based,3.1165127836465144e-06
1208,no-sugar,3.1165127836465144e-06
1209,ablaze,3.1165127836465144e-06
1210,elastic/bouncy,3.1165127836465144e-06
1211,low-traffic,3.1165127836465144e-06
1212,well-sized,3.1165127836465144e-06
1213,residental,3.1165127836465144e-06
1214,stray,3.1165127836465144e-06
1215,stll,3.1165127836465144e-06
1216,motley,3.1165127836465144e-06
1217,today--these,3.1165127836465144e-06
1218,scheduled,3.1165127836465144e-06
1219,-satay,3.1165127836465144e-06
1220,home-away-from-home,3.1165127836465144e-06
1221,rollin,3.1165127836465144e-06
1222,chettinadu,3.1165127836465144e-06
1223,counter-intuitive,3.1165127836465144e-06
1224,streetcar,3.1165127836465144e-06
1225,inaugural,3.1165127836465144e-06
1226,good--especially,3.1165127836465144e-06
1227,warm--practical,3.1165127836465144e-06
1228,hospital.,3.1165127836465144e-06
1229,low-sodium,3.1165127836465144e-06
1230,chill/cool,3.1165127836465144e-06
1231,nuoc,3.1165127836465144e-06
1232,stodgy,3.1165127836465144e-06
1233,recoil-induced,3.1165127836465144e-06
1234,lotsa,3.1165127836465144e-06
1235,caesar--with,3.1165127836465144e-06
1236,restent,3.1165127836465144e-06
1237,out--anytime,3.1165127836465144e-06
1238,10meg,3.1165127836465144e-06
1239,mayo'd,3.1165127836465144e-06
1240,accetpable,3.1165127836465144e-06
1241,veritable,3.1165127836465144e-06
1242,once-in-a-while,3.1165127836465144e-06
1243,clam,3.1165127836465144e-06
1244,fuhgeddaboudit,3.1165127836465144e-06
1245,sugar-free,3.1165127836465144e-06
1246,nicely-designed,3.1165127836465144e-06
1247,expedient,3.1165127836465144e-06
1248,indirect,3.1165127836465144e-06
1249,american-styled,3.1165127836465144e-06
1250,dente,3.1165127836465144e-06
1251,kealii,3.1165127836465144e-06
1252,grad,3.1165127836465144e-06
1253,catalan,3.1165127836465144e-06
1254,angry/irritated,3.1165127836465144e-06
1255,bully,3.1165127836465144e-06
1256,lol..busy,3.1165127836465144e-06
1257,dry-tasting,3.1165127836465144e-06
1258,south-east,3.1165127836465144e-06
1259,salchica,3.1165127836465144e-06
1260,areal,3.1165127836465144e-06
1261,fast-paced,3.1165127836465144e-06
1262,post-baby,3.1165127836465144e-06
1263,floors-music,3.1165127836465144e-06
1264,bountiful,3.1165127836465144e-06
1265,monotonous,3.1165127836465144e-06
1266,later.,3.1165127836465144e-06
1267,second-to-last,3.1165127836465144e-06
1268,just-under,3.1165127836465144e-06
1269,ever-so-convenient,3.1165127836465144e-06
1270,cost-wise,3.1165127836465144e-06
1271,25cent,3.1165127836465144e-06
1272,swirly,3.1165127836465144e-06
1273,vinegar-y,3.1165127836465144e-06
1274,pudding-like,3.1165127836465144e-06
1275,compromising,3.1165127836465144e-06
1276,calloused,3.1165127836465144e-06
1277,distinguishable,3.1165127836465144e-06
1278,cakey,3.1165127836465144e-06
1279,fun/expansive,3.1165127836465144e-06
1280,confined,3.1165127836465144e-06
1281,yinyang,3.1165127836465144e-06
1282,regular/special,3.1165127836465144e-06
1283,urban-hip,3.1165127836465144e-06
1284,japanese-style,3.1165127836465144e-06
1285,bolillo,3.1165127836465144e-06
1286,poor-college-student,3.1165127836465144e-06
1287,square-round,3.1165127836465144e-06
1288,scrumptous,3.1165127836465144e-06
1289,veggetarian,3.1165127836465144e-06
1290,usuable,3.1165127836465144e-06
1291,hall--again,3.1165127836465144e-06
1292,rattlesnake/intermediate,3.1165127836465144e-06
1293,exhausted,3.1165127836465144e-06
1294,unofficial,3.1165127836465144e-06
1295,unanimous,3.1165127836465144e-06
1296,thinly-sliced,3.1165127836465144e-06
1297,kids,regular,3.1165127836465144e-06
1298,gold,3.1165127836465144e-06
1299,chicken-like,3.1165127836465144e-06
1300,pittsburgh-pride-inducing,3.1165127836465144e-06
1301,blended,3.1165127836465144e-06
1302,sizeble,3.1165127836465144e-06
1303,sauceless,3.1165127836465144e-06
1304,unboring,3.1165127836465144e-06
1305,lethal,3.1165127836465144e-06
1306,jazzy,3.1165127836465144e-06
1307,low-end,3.1165127836465144e-06
1308,toddler-approved,3.1165127836465144e-06
1309,smoke-filled,3.1165127836465144e-06
1310,highland,3.1165127836465144e-06
1311,on-tap,3.1165127836465144e-06
1312,storebrand,3.1165127836465144e-06
1313,win/win,3.1165127836465144e-06
1314,lunch/sandwich,3.1165127836465144e-06
1315,transcendent,3.1165127836465144e-06
1316,24/7,3.1165127836465144e-06
1317,bespectacled,3.1165127836465144e-06
1318,steak-house,3.1165127836465144e-06
1319,bar/traditional,3.1165127836465144e-06
1320,veggie+pineapple,3.1165127836465144e-06
1321,made-to-order,3.1165127836465144e-06
1322,groovy,3.1165127836465144e-06
1323,beach-like,3.1165127836465144e-06
1324,textural,3.1165127836465144e-06
1325,buss,3.1165127836465144e-06
1326,deserved,3.1165127836465144e-06
1327,frosted,3.1165127836465144e-06
1328,hand-pulled,3.1165127836465144e-06
1329,cheap(,3.1165127836465144e-06
1330,fullauto,3.1165127836465144e-06
1331,four-dimensional,3.1165127836465144e-06
1332,sno-cone-like,3.1165127836465144e-06
1333,-not-from-round-here,3.1165127836465144e-06
1334,gold-standard,3.1165127836465144e-06
1335,medicinal,3.1165127836465144e-06
1336,dark.,3.1165127836465144e-06
1337,asia,3.1165127836465144e-06
1338,perpendicular,3.1165127836465144e-06
1339,back-too,3.1165127836465144e-06
1340,mutant,3.1165127836465144e-06
1341,15-minute,3.1165127836465144e-06
1342,not-know-what,3.1165127836465144e-06
1343,belachan,3.1165127836465144e-06
1344,flaire,3.1165127836465144e-06
1345,multi-cultural,3.1165127836465144e-06
1346,simple...,3.1165127836465144e-06
1347,contextual,3.1165127836465144e-06
1348,east-coast,3.1165127836465144e-06
1349,affiliated,3.1165127836465144e-06
1350,chinese-viet,3.1165127836465144e-06
1351,fueled-self,3.1165127836465144e-06
1352,cajun-mexican,3.1165127836465144e-06
1353,20th-century,3.1165127836465144e-06
1354,12-year,3.1165127836465144e-06
1355,eggcelent,3.1165127836465144e-06
1356,breadwise,3.1165127836465144e-06
1357,noir,3.1165127836465144e-06
1358,fabby,3.1165127836465144e-06
1359,bacon-wrapped,3.1165127836465144e-06
1360,off-key,3.1165127836465144e-06
1361,notwo,3.1165127836465144e-06
1362,facial-,3.1165127836465144e-06
1363,biographical,3.1165127836465144e-06
1364,fancy-like,3.1165127836465144e-06
1365,unbuttered,3.1165127836465144e-06
1366,fledged,3.1165127836465144e-06
1367,10-year,3.1165127836465144e-06
1368,hot-cold,3.1165127836465144e-06
1369,package--unlike,3.1165127836465144e-06
1370,undistinguishable,3.1165127836465144e-06
1371,vegtable,3.1165127836465144e-06
1372,top--tier,3.1165127836465144e-06
1373,tempura-like,3.1165127836465144e-06
1374,barebones,3.1165127836465144e-06
1375,food--especially,3.1165127836465144e-06
1376,cheese,russian,3.1165127836465144e-06
1377,bajillion,3.1165127836465144e-06
1378,capricious,3.1165127836465144e-06
1379,non-chain,3.1165127836465144e-06
1380,mom-and-pop,3.1165127836465144e-06
1381,chocolaty,3.1165127836465144e-06
1382,non-smoked,3.1165127836465144e-06
1383,to-eat,3.1165127836465144e-06
1384,kairali,3.1165127836465144e-06
1385,naughty,3.1165127836465144e-06
1386,tuna/avocado,3.1165127836465144e-06
1387,cinereal,3.1165127836465144e-06
1388,carrot--bland,3.1165127836465144e-06
1389,pretencious,3.1165127836465144e-06
1390,pasilla,3.1165127836465144e-06
1391,unripe,3.1165127836465144e-06
1392,effervescent,3.1165127836465144e-06
1393,gringa--no,3.1165127836465144e-06
1394,oilier,3.1165127836465144e-06
1395,ganoush,3.1165127836465144e-06
1396,nuttella,3.1165127836465144e-06
1397,zen-like,3.1165127836465144e-06
1398,clean-eating,3.1165127836465144e-06
1399,non-pork,3.1165127836465144e-06
1400,folky,3.1165127836465144e-06
1401,centrifugal,3.1165127836465144e-06
1402,fixer-upper,3.1165127836465144e-06
1403,herati,3.1165127836465144e-06
1404,northeastern,3.1165127836465144e-06
1405,egg-foo,3.1165127836465144e-06
1406,woodsy,3.1165127836465144e-06
1407,counterintuitive,3.1165127836465144e-06
1408,industrious,3.1165127836465144e-06
1409,happy-go-lucky,3.1165127836465144e-06
1410,chinese-owned,3.1165127836465144e-06
1411,four-and-a-half.,3.1165127836465144e-06
1412,non-vegas,3.1165127836465144e-06
1413,donut-like,3.1165127836465144e-06
1414,overordered,3.1165127836465144e-06
1415,bizaro,3.1165127836465144e-06
1416,good,all,3.1165127836465144e-06
1417,tempting,3.1165127836465144e-06
1418,ja-jang,3.1165127836465144e-06
1419,breathable,3.1165127836465144e-06
1420,cardboardy,3.1165127836465144e-06
1421,post-party,3.1165127836465144e-06
1422,sunken,3.1165127836465144e-06
1423,spiritual,3.1165127836465144e-06
1424,dorky,3.1165127836465144e-06
1425,grammatical,3.1165127836465144e-06
1426,quesedillas,3.1165127836465144e-06
1427,*perfect*,3.1165127836465144e-06
1428,siraracha,3.1165127836465144e-06
1429,3-month,3.1165127836465144e-06
1430,momentary,3.1165127836465144e-06
1431,pay-once-eat-twice,3.1165127836465144e-06
1432,mexican-cajun,3.1165127836465144e-06
1433,under-rated,3.1165127836465144e-06
1434,darned,3.1165127836465144e-06
1435,lightrail,3.1165127836465144e-06
1436,wrist-stretching,3.1165127836465144e-06
1437,budget-friendly,3.1165127836465144e-06
1438,good-no,3.1165127836465144e-06
1439,darkly-lite,3.1165127836465144e-06
1440,pear-infused,3.1165127836465144e-06
1441,smart-ass,3.1165127836465144e-06
1442,mang,3.1165127836465144e-06
1443,fibrous,3.1165127836465144e-06
1444,stay-at,3.1165127836465144e-06
1445,mismatched,3.1165127836465144e-06
1446,father/daughter,3.1165127836465144e-06
1447,skewered,3.1165127836465144e-06
1448,freash,3.1165127836465144e-06
1449,12-piece,3.1165127836465144e-06
1450,fresh*,3.1165127836465144e-06
1451,eccentric,3.1165127836465144e-06
1452,nose-in-the-air,3.1165127836465144e-06
1453,spongey,3.1165127836465144e-06
1454,readymade,3.1165127836465144e-06
1455,12-oz,3.1165127836465144e-06
1456,young/millennial,3.1165127836465144e-06
1457,store/aged,3.1165127836465144e-06
1458,enhanced,3.1165127836465144e-06
1459,african-american,3.1165127836465144e-06
1460,domesticated,3.1165127836465144e-06
1461,coffee-shop-esque,3.1165127836465144e-06
1462,paper-lined,3.1165127836465144e-06
1463,must-do,3.1165127836465144e-06
1464,buinsess,3.1165127836465144e-06
1465,sharp-tongued,3.1165127836465144e-06
1466,citrusy,3.1165127836465144e-06
1467,juicey,3.1165127836465144e-06
1468,gluttony-fest,3.1165127836465144e-06
1469,fun-time,3.1165127836465144e-06
1470,ham/cheese(vegan,3.1165127836465144e-06
1471,home-ish,3.1165127836465144e-06
1472,hole-in-a-wall,3.1165127836465144e-06
1473,bluzzy,3.1165127836465144e-06
1474,ca,3.1165127836465144e-06
1475,micro,3.1165127836465144e-06
1476,club/half,3.1165127836465144e-06
1477,blue(some,3.1165127836465144e-06
1478,cost-food,3.1165127836465144e-06
1479,moreso,3.1165127836465144e-06
1480,clean/cute,3.1165127836465144e-06
1481,glass-like,3.1165127836465144e-06
1482,*our*,3.1165127836465144e-06
1483,ill-trained,3.1165127836465144e-06
1484,suggestive,3.1165127836465144e-06
1485,adorable,3.042970966124413e-06
1486,44th,3.042970966124413e-06
1487,imperial,3.042970966124413e-06
1488,reminiscent,3.042970966124413e-06
1489,lone,3.042970966124413e-06
1490,hottest,3.042970966124413e-06
1491,tastier,3.042970966124413e-06
1492,21st,3.0051162082895677e-06
1493,home-made,3.0051162082895677e-06
1494,customizable,3.0051162082895677e-06
1495,chemical,3.0051162082895677e-06
1496,fancier,3.0051162082895677e-06
1497,conservative,3.0051162082895677e-06
1498,easiest,3.0051162082895677e-06
1499,mini,3.0051162082895677e-06
1500,bizarre,3.0051162082895677e-06
1501,fresh-squeezed,3.0051162082895677e-06
1502,swanky,3.0051162082895677e-06
1503,clever,3.0051162082895677e-06
1504,ultra,3.0051162082895677e-06
1505,protective,3.0051162082895677e-06
1506,acidic,3.0051162082895677e-06
1507,busiest,2.9909936985629343e-06
1508,polish,2.955611295720094e-06
1509,mashed,2.8356647596676157e-06
1510,sliced,2.717726047825389e-06
1511,accurate,2.717726047825389e-06
1512,spectacular,2.676764098129322e-06
1513,joint,2.60272405570927e-06
1514,hilarious,2.60272405570927e-06
1515,eager,2.4922657969051833e-06
1516,pricy,2.4922657969051833e-06
1517,appealing,2.4922657969051833e-06
1518,tiny,2.461999374840945e-06
1519,efficient,2.461999374840945e-06
1520,nostalgic,2.3893944272570315e-06
1521,marinated,2.3893944272570315e-06
1522,retro,2.3893944272570315e-06
1523,collard,2.3893944272570315e-06
1524,lighter,2.3806059561933723e-06
1525,greatest,2.3806059561933723e-06
1526,everyday,2.3284158497234375e-06
1527,breaded,2.3006598470628604e-06
1528,steady,2.3006598470628604e-06
1529,newest,2.3006598470628604e-06
1530,suitable,2.3006598470628604e-06
1531,vibrant,2.3006598470628604e-06
1532,inside,2.29436922696799e-06
1533,smoky,2.2817192683580803e-06
1534,pseudo,2.2817192683580803e-06
1535,glamorous,2.2817192683580803e-06
1536,low-key,2.2817192683580803e-06
1537,comforting,2.2817192683580803e-06
1538,irish,2.2817192683580803e-06
1539,doable,2.2817192683580803e-06
1540,haha,2.2817192683580803e-06
1541,canine,2.2817192683580803e-06
1542,tomorrow,2.2817192683580803e-06
1543,miniature,2.2817192683580803e-06
1544,mobile,2.2817192683580803e-06
1545,granite,2.2817192683580803e-06
1546,copious,2.2817192683580803e-06
1547,americanized,2.2817192683580803e-06
1548,overdone,2.2817192683580803e-06
1549,logical,2.2817192683580803e-06
1550,dutch,2.2817192683580803e-06
1551,over-cooked,2.2817192683580803e-06
1552,cosy,2.2817192683580803e-06
1553,smothered,2.2817192683580803e-06
1554,aloha,2.2817192683580803e-06
1555,abusive,2.2817192683580803e-06
1556,carefree,2.2817192683580803e-06
1557,automatic,2.2817192683580803e-06
1558,teenage,2.2817192683580803e-06
1559,half-full,2.2817192683580803e-06
1560,sensory,2.2817192683580803e-06
1561,herbal,2.2817192683580803e-06
1562,fast-casual,2.2817192683580803e-06
1563,fluent,2.2817192683580803e-06
1564,recognizable,2.2817192683580803e-06
1565,reluctant,2.2817192683580803e-06
1566,nearest,2.243245273922201e-06
1567,apprehensive,2.243245273922201e-06
1568,identical,2.243245273922201e-06
1569,northern,2.243245273922201e-06
1570,jambalaya,2.243245273922201e-06
1571,citrus,2.243245273922201e-06
1572,critical,2.243245273922201e-06
1573,modest,2.243245273922201e-06
1574,safer,2.243245273922201e-06
1575,glorious,2.243245273922201e-06
1576,fewer,2.243245273922201e-06
1577,minor,2.201330458019144e-06
1578,future,2.201330458019144e-06
1579,public,2.1329535077570227e-06
1580,slight,2.1329535077570227e-06
1581,tall,2.0107660020137317e-06
1582,holy,2.0107660020137317e-06
1583,fabulous,1.9731906598840365e-06
1584,1st,1.911974355806652e-06
1585,ordinary,1.8904431731117465e-06
1586,newer,1.8904431731117465e-06
1587,dense,1.8904431731117465e-06
1588,passable,1.7731860755121346e-06
1589,unfortunate,1.6938483729199285e-06
1590,shorter,1.661510531270122e-06
1591,quicker,1.661510531270122e-06
1592,visible,1.661510531270122e-06
1593,high-end,1.661510531270122e-06
1594,blind,1.661510531270122e-06
1595,fashioned,1.661510531270122e-06
1596,shoestring,1.6219888703501454e-06
1597,belligerent,1.6219888703501454e-06
1598,nothe,1.6219888703501454e-06
1599,crustacean,1.6219888703501454e-06
1600,hurray,1.6219888703501454e-06
1601,boneless,1.6219888703501454e-06
1602,posted,1.6219888703501454e-06
1603,viscous,1.6219888703501454e-06
1604,sloooow,1.6219888703501454e-06
1605,mutual,1.6219888703501454e-06
1606,impromptu,1.6219888703501454e-06
1607,under-staffed,1.6219888703501454e-06
1608,non-stop,1.6219888703501454e-06
1609,half-price,1.6219888703501454e-06
1610,unwieldy,1.6219888703501454e-06
1611,lightest,1.6219888703501454e-06
1612,donair,1.6219888703501454e-06
1613,porous,1.6219888703501454e-06
1614,crave,1.6219888703501454e-06
1615,cliche,1.6219888703501454e-06
1616,dinky,1.6219888703501454e-06
1617,snappy,1.6219888703501454e-06
1618,unattentive,1.6219888703501454e-06
1619,gruesome,1.6219888703501454e-06
1620,fatter,1.6219888703501454e-06
1621,royal,1.6219888703501454e-06
1622,grayish,1.6219888703501454e-06
1623,up-to-date,1.6219888703501454e-06
1624,quite,1.6219888703501454e-06
1625,well-kept,1.6219888703501454e-06
1626,unspicy,1.6219888703501454e-06
1627,bread-y,1.6219888703501454e-06
1628,pressed,1.6219888703501454e-06
1629,observant,1.6219888703501454e-06
1630,candied,1.6219888703501454e-06
1631,snowy,1.6219888703501454e-06
1632,sixth,1.6219888703501454e-06
1633,thank,1.6219888703501454e-06
1634,jelly-like,1.6219888703501454e-06
1635,leery,1.6219888703501454e-06
1636,neater,1.6219888703501454e-06
1637,hands-down,1.6219888703501454e-06
1638,teenaged,1.6219888703501454e-06
1639,agreed,1.6219888703501454e-06
1640,fall-of-the-bone,1.6219888703501454e-06
1641,aldente,1.6219888703501454e-06
1642,awake,1.6219888703501454e-06
1643,hunky,1.6219888703501454e-06
1644,manageable,1.6219888703501454e-06
1645,inpatient,1.6219888703501454e-06
1646,woozy,1.6219888703501454e-06
1647,attentative,1.6219888703501454e-06
1648,chè,1.6219888703501454e-06
1649,secondary,1.6219888703501454e-06
1650,zealous,1.6219888703501454e-06
1651,included,1.6219888703501454e-06
1652,connecticut,1.6219888703501454e-06
1653,stranded,1.6219888703501454e-06
1654,smarter,1.6219888703501454e-06
1655,nacho,1.6219888703501454e-06
1656,indeed,1.6219888703501454e-06
1657,straight-up,1.6219888703501454e-06
1658,all,1.6219888703501454e-06
1659,microscopic,1.6219888703501454e-06
1660,cool!,1.6219888703501454e-06
1661,buttered,1.6219888703501454e-06
1662,pre-cooked,1.6219888703501454e-06
1663,big!,1.6219888703501454e-06
1664,puzzling,1.6219888703501454e-06
1665,minced,1.6219888703501454e-06
1666,shallow,1.6219888703501454e-06
1667,-at,1.6219888703501454e-06
1668,calmer,1.6219888703501454e-06
1669,unintentional,1.6219888703501454e-06
1670,greka,1.6219888703501454e-06
1671,grassy,1.6219888703501454e-06
1672,nutritional,1.6219888703501454e-06
1673,mindful,1.6219888703501454e-06
1674,well-prepared,1.6219888703501454e-06
1675,well-run,1.6219888703501454e-06
1676,speakeasy,1.6219888703501454e-06
1677,negligible,1.6219888703501454e-06
1678,starchy,1.6219888703501454e-06
1679,home-like,1.6219888703501454e-06
1680,forgot,1.6219888703501454e-06
1681,nope,1.6219888703501454e-06
1682,comp,1.6219888703501454e-06
1683,korean-style,1.6219888703501454e-06
1684,blustery,1.6219888703501454e-06
1685,foolish,1.6219888703501454e-06
1686,18th,1.6219888703501454e-06
1687,breakfast/lunch,1.6219888703501454e-06
1688,vocal,1.6219888703501454e-06
1689,collared,1.6219888703501454e-06
1690,half-off,1.6219888703501454e-06
1691,over-dressed,1.6219888703501454e-06
1692,well-maintained,1.6219888703501454e-06
1693,cherished,1.6219888703501454e-06
1694,dearest,1.6219888703501454e-06
1695,chaufa,1.6219888703501454e-06
1696,disastrous,1.6219888703501454e-06
1697,crass,1.6219888703501454e-06
1698,eh,1.6219888703501454e-06
1699,aqua,1.6219888703501454e-06
1700,rest,1.6219888703501454e-06
1701,pineapple,1.6219888703501454e-06
1702,tipsy,1.6219888703501454e-06
1703,julienned,1.6219888703501454e-06
1704,characteristic,1.6219888703501454e-06
1705,smoothe,1.6219888703501454e-06
1706,deeeelicious,1.6219888703501454e-06
1707,bavarian,1.6219888703501454e-06
1708,louisiana,1.6219888703501454e-06
1709,loaded,1.6219888703501454e-06
1710,lanky,1.6219888703501454e-06
1711,newish,1.6219888703501454e-06
1712,chetinad,1.6219888703501454e-06
1713,workable,1.6219888703501454e-06
1714,brownish,1.6219888703501454e-06
1715,fricken,1.6219888703501454e-06
1716,autistic,1.6219888703501454e-06
1717,kabab,1.6219888703501454e-06
1718,pan-fried,1.6219888703501454e-06
1719,recreational,1.6219888703501454e-06
1720,denser,1.6219888703501454e-06
1721,subdued,1.6219888703501454e-06
1722,trusty,1.6219888703501454e-06
1723,pine,1.6219888703501454e-06
1724,cubano,1.6219888703501454e-06
1725,hit-or-miss,1.6219888703501454e-06
1726,recyclable,1.6219888703501454e-06
1727,15th,1.6219888703501454e-06
1728,bad.,1.6219888703501454e-06
1729,suggested,1.6219888703501454e-06
1730,instrumental,1.6219888703501454e-06
1731,sofa/bed,1.6219888703501454e-06
1732,nitpicky,1.6219888703501454e-06
1733,pescatarian,1.6219888703501454e-06
1734,drop-off,1.6219888703501454e-06
1735,funner,1.6219888703501454e-06
1736,solitary,1.6219888703501454e-06
1737,premade,1.6219888703501454e-06
1738,brusque,1.6219888703501454e-06
1739,pinot,1.6219888703501454e-06
1740,grade,1.6219888703501454e-06
1741,rural,1.6219888703501454e-06
1742,gummy,1.6219888703501454e-06
1743,carmelized,1.6219888703501454e-06
1744,farm-to-table,1.6219888703501454e-06
1745,hong,1.6219888703501454e-06
1746,meatiest,1.6219888703501454e-06
1747,individualized,1.6219888703501454e-06
1748,frugal,1.6219888703501454e-06
1749,japenese,1.6219888703501454e-06
1750,uptempo,1.6219888703501454e-06
1751,ludicrous,1.6219888703501454e-06
1752,griddled,1.6219888703501454e-06
1753,wasted,1.6219888703501454e-06
1754,austere,1.6219888703501454e-06
1755,athletic,1.6219888703501454e-06
1756,boozy,1.6219888703501454e-06
1757,butterfish,1.6219888703501454e-06
1758,arab,1.6219888703501454e-06
1759,flashy,1.6219888703501454e-06
1760,snobbish,1.6219888703501454e-06
1761,hand-mixed,1.6219888703501454e-06
1762,fanciest,1.6219888703501454e-06
1763,distracting,1.6219888703501454e-06
1764,damned,1.6219888703501454e-06
1765,hurricane,1.6219888703501454e-06
1766,over-battered,1.6219888703501454e-06
1767,flavourable,1.6219888703501454e-06
1768,ingenious,1.6219888703501454e-06
1769,solo,1.6219888703501454e-06
1770,overhead,1.6219888703501454e-06
1771,firm,1.6219888703501454e-06
1772,scorched,1.6219888703501454e-06
1773,quebec,1.6219888703501454e-06
1774,kothu,1.6219888703501454e-06
1775,cod,1.6219888703501454e-06
1776,subway,1.6219888703501454e-06
1777,coastal,1.6219888703501454e-06
1778,underrated,1.6219888703501454e-06
1779,vermicelli,1.6219888703501454e-06
1780,brazilian,1.6219888703501454e-06
1781,repetitive,1.6219888703501454e-06
1782,bilingual,1.6219888703501454e-06
1783,accomodating,1.6219888703501454e-06
1784,20-minute,1.6219888703501454e-06
1785,reso,1.6219888703501454e-06
1786,non-sense,1.6219888703501454e-06
1787,clubby,1.6219888703501454e-06
1788,over-fried,1.6219888703501454e-06
1789,gawd,1.6219888703501454e-06
1790,tar,1.6219888703501454e-06
1791,jamburrito,1.6219888703501454e-06
1792,superfluous,1.6219888703501454e-06
1793,consecutive,1.6219888703501454e-06
1794,picked,1.6219888703501454e-06
1795,goood,1.6219888703501454e-06
1796,well-managed,1.6219888703501454e-06
1797,middle-aged,1.6219888703501454e-06
1798,no-nonsense,1.6219888703501454e-06
1799,mountainous,1.6219888703501454e-06
1800,custard,1.6219888703501454e-06
1801,to-go,1.6219888703501454e-06
1802,picturesque,1.6219888703501454e-06
1803,back.,1.6219888703501454e-06
1804,jittery,1.6219888703501454e-06
1805,environmental,1.6219888703501454e-06
1806,kiddie,1.6219888703501454e-06
1807,in-house,1.6219888703501454e-06
1808,uninteresting,1.6219888703501454e-06
1809,fresh-made,1.6219888703501454e-06
1810,neverending,1.6219888703501454e-06
1811,porks,1.6219888703501454e-06
1812,world-famous,1.6219888703501454e-06
1813,costlier,1.6219888703501454e-06
1814,median,1.6219888703501454e-06
1815,peachy,1.6219888703501454e-06
1816,niche,1.6219888703501454e-06
1817,trippin,1.6219888703501454e-06
1818,progressive,1.6219888703501454e-06
1819,four-legged,1.6219888703501454e-06
1820,cobb,1.6219888703501454e-06
1821,zesty,1.6219888703501454e-06
1822,picnic,1.6219888703501454e-06
1823,branded,1.6219888703501454e-06
1824,hi-tech,1.6219888703501454e-06
1825,duper,1.6219888703501454e-06
1826,literary,1.6219888703501454e-06
1827,full-service,1.6219888703501454e-06
1828,laid-back,1.6219888703501454e-06
1829,cow-themed,1.6219888703501454e-06
1830,sucker,1.6219888703501454e-06
1831,leathery,1.6219888703501454e-06
1832,abandoned,1.6219888703501454e-06
1833,refrigerated,1.6219888703501454e-06
1834,parched,1.6219888703501454e-06
1835,m,1.6219888703501454e-06
1836,fresh-tasting,1.6219888703501454e-06
1837,easygoing,1.6219888703501454e-06
1838,crude,1.6219888703501454e-06
1839,audible,1.6219888703501454e-06
1840,insincere,1.6219888703501454e-06
1841,metallic,1.6219888703501454e-06
1842,revolutionary,1.6219888703501454e-06
1843,penza,1.6219888703501454e-06
1844,scruffy,1.6219888703501454e-06
1845,brown,1.5766832968117052e-06
1846,desperate,1.5673573319823693e-06
1847,oldest,1.5617284997762512e-06
1848,unreasonable,1.5617284997762512e-06
1849,ripe,1.5617284997762512e-06
1850,tremendous,1.5617284997762512e-06
1851,split,1.5617284997762512e-06
1852,down,1.5617284997762512e-06
1853,lengthy,1.5617284997762512e-06
1854,stylish,1.5617284997762512e-06
1855,plastic,1.529579484645327e-06
1856,well-done,1.4954968492814672e-06
1857,keen,1.4954968492814672e-06
1858,melty,1.4954968492814672e-06
1859,cooked,1.4954968492814672e-06
1860,finer,1.4954968492814672e-06
1861,dimensional,1.4954968492814672e-06
1862,fab,1.4954968492814672e-06
1863,mature,1.4954968492814672e-06
1864,fro-yo,1.4954968492814672e-06
1865,historic,1.4954968492814672e-06
1866,discounted,1.4954968492814672e-06
1867,delicous,1.4954968492814672e-06
1868,posh,1.4954968492814672e-06
1869,smokin,1.4954968492814672e-06
1870,soupy,1.4954968492814672e-06
1871,viet,1.4954968492814672e-06
1872,deluxe,1.4954968492814672e-06
1873,drab,1.4954968492814672e-06
1874,eyed,1.4954968492814672e-06
1875,minus,1.4954968492814672e-06
1876,iffy,1.4954968492814672e-06
1877,mighty,1.4954968492814672e-06
1878,musical,1.4954968492814672e-06
1879,well-seasoned,1.4954968492814672e-06
1880,communal,1.4954968492814672e-06
1881,palatable,1.4954968492814672e-06
1882,shared,1.4954968492814672e-06
1883,cautious,1.4954968492814672e-06
1884,jumbo,1.4954968492814672e-06
1885,sassy,1.4954968492814672e-06
1886,alot,1.4954968492814672e-06
1887,infamous,1.4954968492814672e-06
1888,saltier,1.4954968492814672e-06
1889,maximum,1.4954968492814672e-06
1890,sautéed,1.4954968492814672e-06
1891,commercial,1.4954968492814672e-06
1892,runny,1.4411513952816688e-06
1893,culinary,1.1903029780966861e-06
1894,weekly,1.147184613483995e-06
1895,aside,1.1231264111072605e-06
1896,complementary,1.0664767538785114e-06
1897,direct,1.0664767538785114e-06
1898,skinny,1.0664767538785114e-06
1899,ethnic,1.0664767538785114e-06
1900,homey,1.0664767538785114e-06
1901,peach,1.0197196564302143e-06
1902,impeccable,1.0197196564302143e-06
1903,tight,9.960820919319334e-07
1904,borderline,9.452215865558732e-07
1905,lesser,9.452215865558732e-07
1906,anxious,9.452215865558732e-07
1907,n,9.452215865558732e-07
1908,5-star,9.452215865558732e-07
1909,inconvenient,9.452215865558732e-07
1910,electrical,9.452215865558732e-07
1911,tired,9.452215865558732e-07
1912,rose,9.452215865558732e-07
1913,challenging,8.30755265635061e-07
1914,mistaken,8.30755265635061e-07
1915,alike,8.30755265635061e-07
1916,prepackaged,8.30755265635061e-07
1917,digital,8.30755265635061e-07
1918,ish,8.30755265635061e-07
1919,senior,8.30755265635061e-07
1920,greedy,8.30755265635061e-07
1921,behold,8.30755265635061e-07
1922,disposable,8.30755265635061e-07
1923,evident,8.30755265635061e-07
1924,tolerable,8.30755265635061e-07
1925,fuzzy,8.30755265635061e-07
1926,wary,8.30755265635061e-07
1927,promising,8.30755265635061e-07
1928,silky,8.30755265635061e-07
1929,literal,8.30755265635061e-07
1930,innovative,8.30755265635061e-07
1931,silent,8.30755265635061e-07
1932,tastiest,8.30755265635061e-07
1933,sucky,8.30755265635061e-07
1934,mysterious,8.30755265635061e-07
1935,margarita,8.30755265635061e-07
1936,proud,7.647897423226635e-07
1937,favorable,7.477484246407336e-07
1938,musty,7.477484246407336e-07
1939,one-stop,7.477484246407336e-07
1940,mahogany,7.477484246407336e-07
1941,sandwich,7.477484246407336e-07
1942,ambitious,7.477484246407336e-07
1943,steamy,7.477484246407336e-07
1944,blissful,7.477484246407336e-07
1945,brisk,7.477484246407336e-07
1946,twisted,7.477484246407336e-07
1947,nostalgia,7.477484246407336e-07
1948,same-day,7.477484246407336e-07
1949,malay,7.477484246407336e-07
1950,underdressed,7.477484246407336e-07
1951,wicked,7.477484246407336e-07
1952,unused,7.477484246407336e-07
1953,award,7.477484246407336e-07
1954,continuous,7.477484246407336e-07
1955,scariest,7.477484246407336e-07
1956,makeshift,7.477484246407336e-07
1957,respiratory,7.477484246407336e-07
1958,punctual,7.477484246407336e-07
1959,surly,7.477484246407336e-07
1960,naan,7.477484246407336e-07
1961,variety,7.477484246407336e-07
1962,ooey,7.477484246407336e-07
1963,phoenix,7.477484246407336e-07
1964,sudden,7.477484246407336e-07
1965,yellowtail,7.477484246407336e-07
1966,prepared,7.477484246407336e-07
1967,finished,7.477484246407336e-07
1968,pre,7.477484246407336e-07
1969,polynesian,7.477484246407336e-07
1970,out-of-town,7.477484246407336e-07
1971,nutritious,7.477484246407336e-07
1972,uncertain,7.477484246407336e-07
1973,old-fashioned,7.477484246407336e-07
1974,lean,7.477484246407336e-07
1975,sit-down,7.477484246407336e-07
1976,11th,7.477484246407336e-07
1977,intolerant,7.477484246407336e-07
1978,rival,7.477484246407336e-07
1979,velvety,7.477484246407336e-07
1980,defective,7.477484246407336e-07
1981,gelatinous,7.477484246407336e-07
1982,powerful,7.477484246407336e-07
1983,luscious,7.477484246407336e-07
1984,ground,7.477484246407336e-07
1985,chewier,7.477484246407336e-07
1986,fitting,7.477484246407336e-07
1987,palm,7.477484246407336e-07
1988,gastric,7.477484246407336e-07
1989,hard-pressed,7.477484246407336e-07
1990,overnight,7.477484246407336e-07
1991,bored,7.477484246407336e-07
1992,bent,7.477484246407336e-07
1993,immature,7.477484246407336e-07
1994,well-cooked,7.477484246407336e-07
1995,fish,7.477484246407336e-07
1996,paid,7.477484246407336e-07
1997,disinterested,7.477484246407336e-07
1998,salsa,7.477484246407336e-07
1999,squeezed,7.477484246407336e-07
2000,none,7.477484246407336e-07
2001,mealy,7.477484246407336e-07
2002,on-time,7.477484246407336e-07
2003,intensive,7.477484246407336e-07
2004,southwest,7.477484246407336e-07
2005,satisfying,7.477484246407336e-07
2006,dreadful,7.477484246407336e-07
2007,obscure,7.477484246407336e-07
2008,tuscan,7.477484246407336e-07
2009,comical,7.477484246407336e-07
2010,weakest,7.477484246407336e-07
2011,looong,7.477484246407336e-07
2012,averse,7.477484246407336e-07
2013,4/5,7.477484246407336e-07
2014,pedicure,7.477484246407336e-07
2015,gaudy,7.477484246407336e-07
2016,tense,7.477484246407336e-07
2017,unheard,7.477484246407336e-07
2018,vegas,7.477484246407336e-07
2019,rolling,7.477484246407336e-07
2020,slightest,7.477484246407336e-07
2021,just,7.477484246407336e-07
2022,unplanned,7.477484246407336e-07
2023,down-to-earth,7.477484246407336e-07
2024,e,7.477484246407336e-07
2025,mechanical,7.477484246407336e-07
2026,aussie,7.477484246407336e-07
2027,dreary,7.477484246407336e-07
2028,milder,7.477484246407336e-07
2029,hey,7.477484246407336e-07
2030,british,7.477484246407336e-07
2031,-small,7.477484246407336e-07
2032,non-sushi,7.477484246407336e-07
2033,irate,7.477484246407336e-07
2034,arbitrary,7.477484246407336e-07
2035,hk-style,7.477484246407336e-07
2036,experimental,7.477484246407336e-07
2037,assertive,7.477484246407336e-07
2038,stretchy,7.477484246407336e-07
2039,suspect,7.477484246407336e-07
2040,mental,7.477484246407336e-07
2041,frightening,7.477484246407336e-07
2042,run,7.477484246407336e-07
2043,2-for-1,7.477484246407336e-07
2044,octopus,7.477484246407336e-07
2045,indoor/outdoor,7.477484246407336e-07
2046,piano,7.477484246407336e-07
2047,leslieville,7.477484246407336e-07
2048,lush,7.477484246407336e-07
2049,mainstream,7.477484246407336e-07
2050,hazy,7.477484246407336e-07
2051,yeasty,7.477484246407336e-07
2052,likable,7.477484246407336e-07
2053,timid,7.477484246407336e-07
2054,judgmental,7.477484246407336e-07
2055,advisable,7.477484246407336e-07
2056,gingerbread,7.477484246407336e-07
2057,run-of-the-mill,7.477484246407336e-07
2058,express,7.477484246407336e-07
2059,steel,7.477484246407336e-07
2060,filled,7.477484246407336e-07
2061,plum,7.477484246407336e-07
2062,mortar,7.477484246407336e-07
2063,unkempt,7.477484246407336e-07
2064,central,6.373247852688862e-07
2065,unsure,6.373247852688862e-07
2066,accessible,6.373247852688862e-07
2067,double,5.991887434824153e-07
2068,smooth,5.844534342643624e-07
2069,questionable,5.098598282151071e-07
2070,friendliest,5.098598282151071e-07
2071,ultimate,5.098598282151071e-07
2072,diverse,4.88935072502679e-07
2073,unsanitary,3.8239487116133173e-07
2074,handy,3.8239487116133173e-07
2075,relative,3.8239487116133173e-07
2076,outdated,3.8239487116133173e-07
2077,military,3.8239487116133173e-07
2078,silly,3.6262156150094217e-07
2079,scallop,2.5492991410755357e-07
2080,satisfactory,2.5492991410755357e-07
2081,unfair,2.5492991410755357e-07
2082,impatient,2.5492991410755357e-07
2083,optimal,2.5492991410755357e-07
2084,stringy,2.5492991410755357e-07
2085,domestic,2.5492991410755357e-07
2086,cloudy,2.5492991410755357e-07
2087,residential,2.5492991410755357e-07
2088,sauced,2.5492991410755357e-07
2089,iconic,2.5492991410755357e-07
2090,walnut,2.5492991410755357e-07
2091,sympathetic,2.5492991410755357e-07
2092,ashamed,2.5492991410755357e-07
2093,gray,2.5492991410755357e-07
2094,concerned,2.5492991410755357e-07
2095,overdue,2.5492991410755357e-07
2096,unpretentious,2.5492991410755357e-07
2097,quirky,2.5492991410755357e-07
2098,generic,2.3668158252587018e-07
2099,overweight,1.2746495705377678e-07
2100,robust,1.2746495705377678e-07
2101,covered,1.2746495705377678e-07
2102,aback,1.2746495705377678e-07
2103,brother-in-law,1.2746495705377678e-07
2104,hourly,1.2746495705377678e-07
2105,grouchy,1.2746495705377678e-07
2106,taiwanese,1.2746495705377678e-07
2107,low-carb,1.2746495705377678e-07
2108,intricate,1.2746495705377678e-07
2109,guaranteed,1.2746495705377678e-07
2110,unnatural,1.2746495705377678e-07
2111,dang,1.2746495705377678e-07
2112,windy,1.2746495705377678e-07
2113,24-hour,1.2746495705377678e-07
2114,nowhere,1.2746495705377678e-07
2115,invisible,1.2746495705377678e-07
2116,uninitiated,1.2746495705377678e-07
2117,sandy,1.2746495705377678e-07
2118,deep-fried,1.2746495705377678e-07
2119,tranquil,1.2746495705377678e-07
2120,elusive,1.2746495705377678e-07
2121,tolerant,1.2746495705377678e-07
2122,spicey,1.2746495705377678e-07
2123,ever-changing,1.2746495705377678e-07
2124,rocky,1.2746495705377678e-07
2125,oblivious,1.2746495705377678e-07
2126,snobby,1.2746495705377678e-07
2127,quintessential,1.2746495705377678e-07
2128,lonely,1.2746495705377678e-07
2129,deconstructed,1.2746495705377678e-07
2130,twin,1.2746495705377678e-07
2131,constructive,1.2746495705377678e-07
2132,traumatic,1.2746495705377678e-07
2133,obscene,1.2746495705377678e-07
2134,overcrowded,1.2746495705377678e-07
2135,snob,1.2746495705377678e-07
2136,forward,1.2746495705377678e-07
2137,sacred,1.2746495705377678e-07
2138,po,1.2746495705377678e-07
2139,amiss,1.2746495705377678e-07
2140,recommended,1.2746495705377678e-07
2141,rectangular,1.2746495705377678e-07
2142,unclean,1.2746495705377678e-07
2143,selective,1.2746495705377678e-07
2144,wavy,1.2746495705377678e-07
2145,neighboring,1.2746495705377678e-07
2146,...great,1.2746495705377678e-07
2147,spot-on,1.2746495705377678e-07
2148,prospective,1.2746495705377678e-07
2149,caucasian,1.2746495705377678e-07
2150,stewed,1.2746495705377678e-07
2151,darker,1.2746495705377678e-07
2152,breathtaking,1.2746495705377678e-07
2153,hoppy,1.2746495705377678e-07
2154,singular,1.2746495705377678e-07
2155,acoustic,1.2746495705377678e-07
2156,half-priced,1.2746495705377678e-07
2157,wiser,1.2746495705377678e-07
2158,arabic,1.2746495705377678e-07
2159,caramelized,1.2746495705377678e-07
2160,couple,1.2746495705377678e-07
2161,fixed,1.2746495705377678e-07
2162,aromatic,1.2746495705377678e-07
2163,scottish,1.2746495705377678e-07
2164,brassy,1.2746495705377678e-07
2165,consistant,1.2746495705377678e-07
2166,trusted,1.2746495705377678e-07
2167,neither,1.2746495705377678e-07
2168,sayin,1.2746495705377678e-07
2169,fourth,1.1133211639611846e-07
2170,young,-6.341411880790456e-09
2171,lame,-1.3001402878797198e-08
2172,mine,-1.3001402878797198e-08
2173,raw,-1.3001402878797198e-08
2174,former,-2.6002805757594396e-08
2175,shredded,-2.6002805757594396e-08
2176,yelp,-3.90042086363916e-08
2177,much,-5.1058625242998146e-08
2178,undercooked,-1.3535551746372384e-07
2179,salami,-1.3535551746372384e-07
2180,scrambled,-1.3535551746372384e-07
2181,house-made,-1.3535551746372384e-07
2182,preferred,-1.3535551746372384e-07
2183,strict,-2.529840421373575e-07
2184,bloody,-2.529840421373575e-07
2185,functional,-2.529840421373575e-07
2186,economical,-2.529840421373575e-07
2187,stained,-2.529840421373575e-07
2188,damp,-2.529840421373575e-07
2189,old-school,-2.529840421373575e-07
2190,brave,-2.529840421373575e-07
2191,partial,-2.529840421373575e-07
2192,equivalent,-2.529840421373575e-07
2193,uncommon,-2.529840421373575e-07
2194,sheer,-2.529840421373575e-07
2195,unbeatable,-2.529840421373575e-07
2196,slim,-2.529840421373575e-07
2197,aesthetic,-2.529840421373575e-07
2198,unfamiliar,-2.529840421373575e-07
2199,creole,-2.529840421373575e-07
2200,transparent,-2.529840421373575e-07
2201,upfront,-2.529840421373575e-07
2202,indifferent,-2.529840421373575e-07
2203,fishy,-2.7071103492744767e-07
2204,unanswered,-3.536642791173285e-07
2205,conducive,-3.536642791173285e-07
2206,avian,-3.536642791173285e-07
2207,freakin,-3.536642791173285e-07
2208,unreliable,-3.536642791173285e-07
2209,brighter,-3.536642791173285e-07
2210,medium-rare,-3.536642791173285e-07
2211,-good,-3.536642791173285e-07
2212,bearable,-3.536642791173285e-07
2213,longtime,-3.536642791173285e-07
2214,potent,-3.536642791173285e-07
2215,unlucky,-3.536642791173285e-07
2216,cordial,-3.536642791173285e-07
2217,louder,-3.536642791173285e-07
2218,unsatisfactory,-3.536642791173285e-07
2219,digestive,-3.536642791173285e-07
2220,peppery,-3.536642791173285e-07
2221,sublime,-3.536642791173285e-07
2222,oh,-3.536642791173285e-07
2223,awe,-3.536642791173285e-07
2224,rambunctious,-3.536642791173285e-07
2225,anti,-3.536642791173285e-07
2226,lenient,-3.536642791173285e-07
2227,icky,-3.536642791173285e-07
2228,mandarin,-3.536642791173285e-07
2229,olive,-3.536642791173285e-07
2230,charred,-3.536642791173285e-07
2231,wholesome,-3.536642791173285e-07
2232,clumpy,-3.536642791173285e-07
2233,petite,-3.536642791173285e-07
2234,dope,-3.536642791173285e-07
2235,unimpressive,-3.536642791173285e-07
2236,municipal,-3.536642791173285e-07
2237,squeaky,-3.536642791173285e-07
2238,intuitive,-3.536642791173285e-07
2239,spongy,-3.536642791173285e-07
2240,glossy,-3.536642791173285e-07
2241,squishy,-3.536642791173285e-07
2242,leisurely,-3.536642791173285e-07
2243,texas,-3.536642791173285e-07
2244,weirdest,-3.536642791173285e-07
2245,semi,-3.536642791173285e-07
2246,younger,-4.060665523911715e-07
2247,average,-4.80975418794899e-07
2248,slower,-5.05968084274715e-07
2249,mean,-5.05968084274715e-07
2250,largest,-5.05968084274715e-07
2251,star,-5.05968084274715e-07
2252,wooden,-5.05968084274715e-07
2253,skeptical,-5.260128268285993e-07
2254,ideal,-5.260128268285993e-07
2255,standout,-6.147175043082783e-07
2256,stuffy,-7.07328558234657e-07
2257,latter,-7.07328558234657e-07
2258,humble,-7.07328558234657e-07
2259,unknown,-7.07328558234657e-07
2260,electronic,-7.07328558234657e-07
2261,roomy,-7.07328558234657e-07
2262,vegan,-7.07328558234657e-07
2263,confusing,-7.07328558234657e-07
2264,legendary,-7.07328558234657e-07
2265,outer,-7.07328558234657e-07
2266,elite,-7.07328558234657e-07
2267,torn,-7.467754886556351e-07
2268,tiniest,-7.467754886556351e-07
2269,haired,-7.467754886556351e-07
2270,round,-7.467754886556351e-07
2271,10th,-7.467754886556351e-07
2272,pre-packaged,-7.467754886556351e-07
2273,cranky,-7.467754886556351e-07
2274,pristine,-7.467754886556351e-07
2275,realistic,-7.467754886556351e-07
2276,fifth,-7.467754886556351e-07
2277,calamari,-7.467754886556351e-07
2278,laden,-7.467754886556351e-07
2279,unseasoned,-7.467754886556351e-07
2280,unassuming,-7.467754886556351e-07
2281,rock,-7.467754886556351e-07
2282,faux,-7.467754886556351e-07
2283,imaginable,-7.467754886556351e-07
2284,absent,-7.467754886556351e-07
2285,permanent,-7.467754886556351e-07
2286,desirable,-7.467754886556351e-07
2287,diligent,-7.467754886556351e-07
2288,unmatched,-7.467754886556351e-07
2289,angry,-7.589521264120725e-07
2290,adult,-7.589521264120725e-07
2291,monthly,-7.589521264120725e-07
2292,philly,-8.694083509727291e-07
2293,pure,-8.694083509727291e-07
2294,scary,-9.72274562207074e-07
2295,edible,-1.01193616854943e-06
2296,international,-1.0609928373519854e-06
2297,vintage,-1.0609928373519854e-06
2298,dear,-1.0791462804788382e-06
2299,dismissive,-1.0791462804788382e-06
2300,vague,-1.0791462804788382e-06
2301,emotional,-1.0791462804788382e-06
2302,unappealing,-1.0791462804788382e-06
2303,unappetizing,-1.0791462804788382e-06
2304,sarcastic,-1.0791462804788382e-06
2305,blurry,-1.0791462804788382e-06
2306,poki,-1.0791462804788382e-06
2307,off,-1.0791462804788382e-06
2308,stinky,-1.0791462804788382e-06
2309,yay,-1.0791462804788382e-06
2310,cleaner,-1.0791462804788382e-06
2311,general,-1.0972328239433247e-06
2312,cantonese,-1.118333167048243e-06
2313,above,-1.118333167048243e-06
2314,intense,-1.118333167048243e-06
2315,apt,-1.118333167048243e-06
2316,understaffed,-1.118333167048243e-06
2317,sore,-1.118333167048243e-06
2318,belgian,-1.118333167048243e-06
2319,ours,-1.118333167048243e-06
2320,pro,-1.118333167048243e-06
2321,abysmal,-1.118333167048243e-06
2322,mellow,-1.118333167048243e-06
2323,synthetic,-1.118333167048243e-06
2324,remarkable,-1.118333167048243e-06
2325,16th,-1.118333167048243e-06
2326,german,-1.118333167048243e-06
2327,lower,-1.1876300344368367e-06
2328,swiss,-1.2294350086165565e-06
2329,complex,-1.2294350086165565e-06
2330,social,-1.2294350086165565e-06
2331,lebanese,-1.3282312624226484e-06
2332,elegant,-1.3282312624226484e-06
2333,sunny,-1.3282312624226484e-06
2334,tech,-1.367058956242592e-06
2335,trustworthy,-1.367058956242592e-06
2336,surgical,-1.367058956242592e-06
2337,mouthwatering,-1.367058956242592e-06
2338,farther,-1.367058956242592e-06
2339,official,-1.367058956242592e-06
2340,national,-1.367058956242592e-06
2341,downtown,-1.367058956242592e-06
2342,hipster,-1.367058956242592e-06
2343,notable,-1.367058956242592e-06
2344,essential,-1.367058956242592e-06
2345,visual,-1.367058956242592e-06
2346,proactive,-1.367058956242592e-06
2347,caring,-1.367058956242592e-06
2348,staple,-1.367058956242592e-06
2349,uber,-1.367058956242592e-06
2350,fav,-1.367058956242592e-06
2351,inconsiderate,-1.367058956242592e-06
2352,humid,-1.367058956242592e-06
2353,puffy,-1.367058956242592e-06
2354,reliable,-1.3765327737529226e-06
2355,immediate,-1.414657116469314e-06
2356,slimy,-1.4784555315995387e-06
2357,primary,-1.4784555315995387e-06
2358,homeless,-1.4784555315995387e-06
2359,relaxed,-1.4784555315995387e-06
2360,added,-1.4935509773112701e-06
2361,greater,-1.4935509773112701e-06
2362,longest,-1.4935509773112701e-06
2363,17th,-1.4935509773112701e-06
2364,shabby,-1.4935509773112701e-06
2365,sincere,-1.4935509773112701e-06
2366,magnificent,-1.4935509773112701e-06
2367,hectic,-1.4935509773112701e-06
2368,prime,-1.5607469470603173e-06
2369,unnecessary,-1.5875705419064303e-06
2370,independent,-1.6210159343650475e-06
2371,snarky,-1.6210159343650475e-06
2372,smokey,-1.6210159343650475e-06
2373,supportive,-1.6210159343650475e-06
2374,jewish,-1.6210159343650475e-06
2375,sterile,-1.6210159343650475e-06
2376,deceptive,-1.6210159343650475e-06
2377,straightforward,-1.6210159343650475e-06
2378,adjacent,-1.6210159343650475e-06
2379,below,-1.6210159343650475e-06
2380,reserved,-1.6210159343650475e-06
2381,priceless,-1.6210159343650475e-06
2382,advanced,-1.6210159343650475e-06
2383,avid,-1.6210159343650475e-06
2384,east,-1.6297817218158909e-06
2385,skimpy,-1.7683213955866424e-06
2386,bonus,-1.7683213955866424e-06
2387,iced,-1.8354512515675277e-06
2388,human,-1.8354512515675277e-06
2389,harder,-1.8354512515675277e-06
2390,useless,-1.838717903061307e-06
2391,harsh,-1.838717903061307e-06
2392,appreciative,-1.838717903061307e-06
2393,precious,-1.838717903061307e-06
2394,offensive,-1.838717903061307e-06
2395,grumpy,-1.8481881924136971e-06
2396,forgettable,-1.8481881924136971e-06
2397,crusty,-1.8481881924136971e-06
2398,pale,-1.8481881924136971e-06
2399,stiff,-1.8481881924136971e-06
2400,precise,-1.8481881924136971e-06
2401,hardest,-1.8481881924136971e-06
2402,tasteful,-1.8481881924136971e-06
2403,finest,-1.8481881924136971e-06
2404,canned,-1.8481881924136971e-06
2405,noticeable,-1.8481881924136971e-06
2406,hospitable,-1.8481881924136971e-06
2407,hip,-1.8481881924136971e-06
2408,lukewarm,-1.870601454919966e-06
2409,talented,-1.870601454919966e-06
2410,artificial,-1.870601454919966e-06
2411,delicate,-1.870601454919966e-06
2412,damn,-2.038141185384169e-06
2413,sweetest,-2.0536904968204905e-06
2414,smoother,-2.0536904968204905e-06
2415,reputable,-2.0536904968204905e-06
2416,grainy,-2.0536904968204905e-06
2417,pita,-2.0536904968204905e-06
2418,flawless,-2.1582925609576765e-06
2419,effective,-2.1582925609576765e-06
2420,needed,-2.1582925609576765e-06
2421,foreign,-2.1582925609576765e-06
2422,embarrassing,-2.1582925609576765e-06
2423,metal,-2.1582925609576765e-06
2424,freshest,-2.1582925609576765e-06
2425,4th,-2.236666334096486e-06
2426,relaxing,-2.236666334096486e-06
2427,facial,-2.236666334096486e-06
2428,welcoming,-2.2403264659669056e-06
2429,responsible,-2.2403264659669056e-06
2430,sparse,-2.2403264659669056e-06
2431,fond,-2.2403264659669056e-06
2432,lowest,-2.241299401952004e-06
2433,furry,-2.241299401952004e-06
2434,bahn,-2.241299401952004e-06
2435,equal,-2.241299401952004e-06
2436,thirsty,-2.413882864827022e-06
2437,atrocious,-2.413882864827022e-06
2438,coolest,-2.413882864827022e-06
2439,chatty,-2.413882864827022e-06
2440,awsome,-2.413882864827022e-06
2441,luxury,-2.413882864827022e-06
2442,shiny,-2.455809449653482e-06
2443,floral,-2.455809449653482e-06
2444,epic,-2.5736701937752073e-06
2445,enthusiastic,-2.590056324416174e-06
2446,highest,-2.590056324416174e-06
2447,potential,-2.590056324416174e-06
2448,pretentious,-2.590056324416174e-06
2449,extraordinary,-2.590056324416174e-06
2450,spotless,-2.590056324416174e-06
2451,minimum,-2.590056324416174e-06
2452,dumb,-2.590056324416174e-06
2453,sanitary,-2.598016153034927e-06
2454,earlier,-2.598016153034927e-06
2455,confident,-2.598016153034927e-06
2456,black,-2.613083665446357e-06
2457,legal,-2.7224286381231093e-06
2458,horrid,-2.7224286381231093e-06
2459,spotty,-2.734117912485184e-06
2460,alive,-2.734117912485184e-06
2461,considerate,-2.734117912485184e-06
2462,illegal,-2.734117912485184e-06
2463,lackluster,-2.734117912485184e-06
2464,fake,-2.7468864486149903e-06
2465,non-existent,-2.8615828695389606e-06
2466,fair,-2.9173206901276397e-06
2467,gracious,-2.921843240112855e-06
2468,repeat,-2.921843240112855e-06
2469,superior,-2.9871019546225403e-06
2470,left,-2.9871019546225403e-06
2471,appropriate,-2.9900852215386634e-06
2472,smallest,-2.9955485280321362e-06
2473,stingy,-3.1155398476614157e-06
2474,thoughtful,-3.1155398476614157e-06
2475,unsafe,-3.1155398476614157e-06
2476,ugly,-3.1155398476614157e-06
2477,terrific,-3.1751410838128606e-06
2478,instant,-3.232116467144506e-06
2479,countless,-3.232116467144506e-06
2480,soothing,-3.242031868730095e-06
2481,fastest,-3.242031868730095e-06
2482,expensive,-3.2916984718299744e-06
2483,extended,-3.3143654765399485e-06
2484,phenomenal,-3.32906457128232e-06
2485,bitter,-3.339174061153736e-06
2486,sub-par,-3.339174061153736e-06
2487,embarrassed,-3.3427121057100656e-06
2488,limp,-3.3427121057100656e-06
2489,healthier,-3.35499950114473e-06
2490,exceptional,-3.401341077902844e-06
2491,respectful,-3.4479106394846195e-06
2492,shitty,-3.4479106394846195e-06
2493,competent,-3.4479106394846195e-06
2494,personal,-3.4518681165271517e-06
2495,funny,-3.4518681165271517e-06
2496,mushy,-3.4551101882021197e-06
2497,obnoxious,-3.4751851076962743e-06
2498,stressful,-3.4751851076962743e-06
2499,horrendous,-3.538350153333233e-06
2500,allergic,-3.548214410116859e-06
2501,racist,-3.6440587329583883e-06
2502,incompetent,-3.6440587329583883e-06
2503,severe,-3.6440587329583883e-06
2504,overpriced,-3.6440587329583883e-06
2505,individual,-3.6709025031350553e-06
2506,successful,-3.6963763848273943e-06
2507,ill,-3.6963763848273943e-06
2508,awkward,-3.721631550219227e-06
2509,pink,-3.733877443278178e-06
2510,aggressive,-3.7358233152483728e-06
2511,genuine,-3.741202909839932e-06
2512,ample,-3.741202909839932e-06
2513,inedible,-3.823841341881171e-06
2514,fortunate,-3.8258831218578235e-06
2515,upset,-3.906773452376501e-06
2516,responsive,-3.906773452376501e-06
2517,physical,-3.908406778123391e-06
2518,mid,-4.0029298671123634e-06
2519,suppose,-4.0029298671123634e-06
2520,key,-4.076783297951355e-06
2521,outrageous,-4.101176868727774e-06
2522,loose,-4.101176868727774e-06
2523,outside,-4.108917117952154e-06
2524,3rd,-4.116210425643187e-06
2525,painless,-4.143855983910933e-06
2526,strange,-4.1630556195561e-06
2527,condescending,-4.216952551419479e-06
2528,watery,-4.243971349407942e-06
2529,personable,-4.243971349407942e-06
2530,rebel,-4.356106782835329e-06
2531,timely,-4.356106782835329e-06
2532,unpleasant,-4.356106782835329e-06
2533,inconsistent,-4.365230948626172e-06
2534,dangerous,-4.365230948626172e-06
2535,persian,-4.365230948626172e-06
2536,common,-4.430799254087917e-06
2537,rough,-4.435366594798614e-06
2538,minimal,-4.473332668192972e-06
2539,hesitant,-4.480652931933811e-06
2540,so-so,-4.482598803904008e-06
2541,closest,-4.4910386841675745e-06
2542,late,-4.614946267650084e-06
2543,male,-4.618927257352831e-06
2544,compassionate,-4.782647223832803e-06
2545,medical,-4.837236019006434e-06
2546,cherry,-4.860970057918274e-06
2547,bare,-4.863047803095143e-06
2548,carne,-4.863047803095143e-06
2549,subpar,-4.911618899306964e-06
2550,unacceptable,-4.9424345527809875e-06
2551,filthy,-4.993169652133026e-06
2552,latest,-5.0832251392248116e-06
2553,insane,-5.098289244197384e-06
2554,apologetic,-5.098289244197384e-06
2555,extreme,-5.147340387550415e-06
2556,sub,-5.147340387550415e-06
2557,frustrated,-5.147340387550415e-06
2558,dead,-5.149942784143259e-06
2559,faster,-5.180112648832348e-06
2560,sticky,-5.227528834493805e-06
2561,informative,-5.240087250925211e-06
2562,beloved,-5.325274874715454e-06
2563,corporate,-5.444857276246219e-06
2564,patient,-5.468235824970368e-06
2565,biggest,-5.50635375470258e-06
2566,straight,-5.586256320189883e-06
2567,miserable,-5.586256320189883e-06
2568,gentle,-5.600880826150287e-06
2569,proper,-5.611050750608197e-06
2570,mad,-5.611050750608197e-06
2571,nicest,-5.611804364759902e-06
2572,boring,-5.69943349096971e-06
2573,stellar,-5.69943349096971e-06
2574,pushy,-5.723165739077921e-06
2575,present,-5.7336281169341354e-06
2576,female,-5.8558618850598054e-06
2577,natural,-5.913822126398155e-06
2578,random,-5.954005026737267e-06
2579,zero,-5.981346003905174e-06
2580,weak,-5.994813918621797e-06
2581,shady,-5.994813918621797e-06
2582,sloppy,-5.994813918621797e-06
2583,likely,-6.023556631192953e-06
2584,ready,-6.040813332575808e-06
2585,gross,-6.104587674254154e-06
2586,sketchy,-6.241102066599775e-06
2587,yellow,-6.241102066599775e-06
2588,rubbery,-6.354173194809072e-06
2589,initial,-6.36179850090075e-06
2590,older,-6.441004275997529e-06
2591,unfriendly,-6.464232934289012e-06
2592,thankful,-6.48406373746019e-06
2593,easier,-6.674870904851669e-06
2594,nervous,-6.674870904851669e-06
2595,sensitive,-6.720368079581859e-06
2596,burnt,-6.736789211470894e-06
2597,unable,-6.779288278985254e-06
2598,curly,-6.835294781212958e-06
2599,unhappy,-6.835294781212958e-06
2600,clear,-6.864321526447285e-06
2601,unbelievable,-6.895821278969239e-06
2602,courteous,-6.902305221279504e-06
2603,specific,-6.928647064372382e-06
2604,smart,-6.9503702153925486e-06
2605,rental,-6.9972914776733135e-06
2606,calm,-7.019926371432891e-06
2607,numerous,-7.019926371432891e-06
2608,like,-7.0736280643052805e-06
2609,meh,-7.077049574154938e-06
2610,knowledgable,-7.10149870610133e-06
2611,obvious,-7.105369509512163e-06
2612,top,-7.168053464905884e-06
2613,painful,-7.2416485944810666e-06
2614,awesome,-7.278712309697317e-06
2615,peaceful,-7.361287450085725e-06
2616,impossible,-7.3674283489604455e-06
2617,stupid,-7.605715909565486e-06
2618,necessary,-7.614962946845912e-06
2619,2nd,-7.638548419604878e-06
2620,convenient,-7.797951201489775e-06
2621,exact,-7.824150147606454e-06
2622,online,-8.016487302161152e-06
2623,loyal,-8.167285914369328e-06
2624,happier,-8.167285914369328e-06
2625,aware,-8.232485447043444e-06
2626,stale,-8.505184155048977e-06
2627,flavorless,-8.644302170388062e-06
2628,acceptable,-9.020515997792912e-06
2629,complete,-9.272918760588364e-06
2630,able,-9.281658928008202e-06
2631,important,-9.41137744516655e-06
2632,extra,-9.417502005936903e-06
2633,tasteless,-9.509651295298949e-06
2634,current,-9.522777930624284e-06
2635,further,-9.533329496978574e-06
2636,notch,-9.701322612893327e-06
2637,back,-9.765721538280062e-06
2638,happy,-9.83234072923683e-06
2639,grateful,-9.919420704016941e-06
2640,flat,-9.990918977428501e-06
2641,soggy,-1.0120012097509519e-05
2642,wet,-1.0425555323088823e-05
2643,closer,-1.0427681724577055e-05
2644,recent,-1.0473023074996698e-05
2645,crappy,-1.0650549749430908e-05
2646,original,-1.0789512999473162e-05
2647,total,-1.1183331670482426e-05
2648,alright,-1.1222101501216395e-05
2649,serious,-1.1560571145972626e-05
2650,helpful,-1.1630694960640618e-05
2651,actual,-1.1938088134823253e-05
2652,major,-1.1948407818490161e-05
2653,final,-1.2049237934981011e-05
2654,unprofessional,-1.2127115207108904e-05
2655,positive,-1.2135404837735968e-05
2656,nasty,-1.221919771978525e-05
2657,negative,-1.231224417528657e-05
2658,third,-1.2639886909322763e-05
2659,accommodating,-1.2695183307145797e-05
2660,short,-1.2787079332977577e-05
2661,safe,-1.309622413935629e-05
2662,previous,-1.3349741809703339e-05
2663,thorough,-1.3670589562425915e-05
2664,such,-1.3673068651785307e-05
2665,front,-1.3776032869614528e-05
2666,weird,-1.3916014967689767e-05
2667,correct,-1.4028901646224895e-05
2668,multiple,-1.4083745595163013e-05
2669,uncomfortable,-1.4445761993603855e-05
2670,past,-1.4922253981164518e-05
2671,later,-1.4957806013911182e-05
2672,whole,-1.5571824734485567e-05
2673,difficult,-1.5717164272572154e-05
2674,less,-1.730522541805468e-05
2675,disappointed,-1.764261738283198e-05
2676,tough,-1.8130394270913217e-05
2677,absolute,-1.906251958442722e-05
2678,sick,-1.9327536286559167e-05
2679,additional,-2.049832815687064e-05
2680,due,-2.081013253193615e-05
2681,ridiculous,-2.083260610639173e-05
2682,longer,-2.1334314968646446e-05
2683,least,-2.332711491802908e-05
2684,high,-2.3348826235613568e-05
2685,fantastic,-2.4596503003017645e-05
2686,single,-2.468584779166641e-05
2687,incredible,-2.5670430751914162e-05
2688,disappointing,-2.5849793273048106e-05
2689,awful,-2.6593404774295917e-05
2690,outstanding,-2.6729080518950737e-05
2691,possible,-2.7891643470336955e-05
2692,sad,-2.8937972983964595e-05
2693,honest,-2.9284889998219534e-05
2694,sorry,-2.9846546562633262e-05
2695,comfortable,-3.319371873835027e-05
2696,mediocre,-3.4154083920855215e-05
2697,second,-3.5173766605047505e-05
2698,hard,-3.562240524229589e-05
2699,empty,-3.6730914672691086e-05
2700,worse,-3.67933568375674e-05
2701,knowledgeable,-3.7571039516419735e-05
2702,beautiful,-3.8920403097566814e-05
2703,wonderful,-4.1804259289846384e-05
2704,several,-4.327905206800043e-05
2705,long,-4.530722672424327e-05
2706,okay,-4.67320043106999e-05
2707,dirty,-4.7619997429297006e-05
2708,bland,-5.2373589958081073e-05
2709,poor,-5.455986389182291e-05
2710,worst,-5.5616677521007495e-05
2711,old,-5.678803495977912e-05
2712,fine,-5.80213133413958e-05
2713,cold,-5.950566042377543e-05
2714,dry,-6.15709869829186e-05
2715,entire,-6.288793722645859e-05
2716,horrible,-6.724481967447071e-05
2717,wrong,-6.764523671897649e-05
2718,terrible,-6.844089517722105e-05
2719,professional,-6.970680108029453e-05
2720,ok,-7.568464174014669e-05
2721,rude,-7.69215903388664e-05
2722,better,-8.015272913358177e-05
2723,same,-8.028769171375051e-05
2724,first,-8.47768298965784e-05
2725,last,-0.00010751671255765981
2726,amazing,-0.00015177596881230665
2727,best,-0.0001620361486428253
2728,new,-0.00018140833643962644
2729,bad,-0.00019436158566195474
