word,indicativeness
worst,0.0013834512245092
rude,0.0009871364826981026
horrible,0.0009569996427588472
terrible,0.0007904473062522051
bad,0.0006305103591685292
poor,0.00039976838864337285
awful,0.00035167175136448584
worse,0.0003404423715114814
dirty,0.00025903171323834095
last,0.0002518149059284256
unprofessional,0.0002061182934476612
same,0.00019558731935324401
zero,0.00019176305658722548
wrong,0.00016531418195144424
ridiculous,0.00015888479694998412
cold,0.00014608242350724163
entire,0.00014548933641657936
disappointed,0.00014202186730511357
sorry,0.0001397872622621412
sick,0.00013825489571497442
new,0.0001348465064617393
additional,0.00013428486794458212
nasty,0.00012212545174114238
empty,0.00012066522510526673
rebel,0.0001200407151793532
later,0.00011829086379015212
old,0.00011187763230972801
least,0.00010864391856520419
gross,0.00010806023654470413
unacceptable,0.000105191293877639
tasteless,0.00010109748247049904
extra,0.00010093664549977016
fine,0.00010000565288271575
total,9.109447986992989e-05
unfriendly,8.819167837175018e-05
incompetent,8.734307767088624e-05
negative,8.717841153994509e-05
dry,8.671208122034465e-05
filthy,8.541823847229175e-05
crappy,8.47934431965279e-05
shady,8.396522466447764e-05
correct,7.429740641025987e-05
racist,6.748717371181701e-05
unhappy,6.738026004325927e-05
condescending,6.645830852491993e-05
several,6.569830812718687e-05
possible,6.465330902495869e-05
second,6.150109527881581e-05
lousy,5.8071764178237494e-05
dishonest,5.8071764178237494e-05
clear,5.7869112223940736e-05
mad,5.7517100567019906e-05
first,5.6909845277840046e-05
complete,5.4855583403456786e-05
disappointing,5.297030655778277e-05
sad,5.297030655778277e-05
shitty,5.25956469388195e-05
apologetic,5.226169664668838e-05
mediocre,5.118534228147698e-05
due,5.065302675104959e-05
pathetic,5.024670539406907e-05
illegal,5.003647815588376e-05
urgent,4.789431890403621e-05
horrendous,4.478897699145777e-05
stupid,4.476162264819403e-05
multiple,4.3257268570325826e-05
less,4.212032842382797e-05
aware,4.21130655641167e-05
stale,4.1571083051154684e-05
bland,4.150978321508897e-05
rudest,4.147657799578776e-05
initial,4.113085869580576e-05
wet,4.113085869580576e-05
medical,4.099975134626522e-05
responsible,3.9874985114951965e-05
disrespectful,3.9874985114951965e-05
broken,3.972119923749603e-05
unwilling,3.960989989535562e-05
flavorless,3.9598008804055476e-05
obvious,3.911338749576926e-05
corporate,3.83689695788426e-05
homeless,3.745215404438247e-05
constant,3.716492654684568e-05
useless,3.703439218195915e-05
ill,3.651297701605469e-05
serious,3.611314897752235e-05
frustrated,3.5811038273586435e-05
unpleasant,3.579472450467223e-05
defensive,3.506376462587966e-05
extended,3.474997473848812e-05
black,3.336875684059745e-05
online,3.286885788623208e-05
3rd,3.222036838329517e-05
representative,3.194847311345339e-05
suppose,3.194847311345339e-05
next,3.0940122097303126e-05
unethical,3.0807699918609925e-05
sub,3.069129114542694e-05
absolute,3.064641673934919e-05
further,3.048878122027247e-05
arrogant,3.046185764528838e-05
third,3.0255931319264046e-05
persian,2.93925636235131e-05
inedible,2.93925636235131e-05
embarrassing,2.9035882089118747e-05
rubbery,2.858303224990008e-05
single,2.8539573885080542e-05
inept,2.8434320134935826e-05
unsafe,2.8380986468309473e-05
false,2.8322158296269963e-05
past,2.817198156031308e-05
allergic,2.8137244357817914e-05
incorrect,2.8137244357817914e-05
safe,2.766217562251901e-05
ready,2.743738306002027e-05
legal,2.7384732762041017e-05
miserable,2.7172796316826414e-05
dumb,2.6943268595057677e-05
overpriced,2.6837011032550938e-05
severe,2.6837011032550938e-05
long,2.6758247886032386e-05
financial,2.658332340996798e-05
edible,2.645514885298816e-05
beware,2.6406599930237078e-05
pull-up,2.6406599930237078e-05
furious,2.6129755208310784e-05
snarky,2.6129755208310784e-05
late,2.57605628639583e-05
slow,2.5156569644607e-05
final,2.4526091086705095e-05
faster,2.4442343830435647e-05
horrific,2.416858381728737e-05
unhelpful,2.416858381728737e-05
unable,2.4009556805922475e-05
vague,2.3947159452018104e-05
dead,2.3215104818366044e-05
bottom,2.2394488495728886e-05
synthetic,2.2394488495728886e-05
poofy,2.200549994186423e-05
cocky,2.200549994186423e-05
negligent,2.200549994186423e-05
horrid,2.183638114827359e-05
inconsiderate,2.1816695204298137e-05
previous,2.1681153455208743e-05
whole,2.095349900712563e-05
unsanitary,2.077486636138202e-05
unbelievable,2.0716454403810545e-05
current,2.070827100162755e-05
present,2.053345600500366e-05
embarrassed,2.049987567313261e-05
pregnant,2.049987567313261e-05
half,2.0257585393323903e-05
damp,1.9937492557475983e-05
vinyl,1.9937492557475983e-05
dangerous,1.9645635225443744e-05
worthless,1.958141604478898e-05
rotten,1.958141604478898e-05
laughable,1.958141604478898e-05
snotty,1.958141604478898e-05
common,1.9165034452744308e-05
subpar,1.906507825115734e-05
plain,1.8262442345075644e-05
ugly,1.7957846912953187e-05
foreign,1.7905519136793217e-05
shorter,1.7905519136793217e-05
careless,1.7604399953491386e-05
blatant,1.7604399953491386e-05
poorest,1.7604399953491386e-05
irresponsible,1.7604399953491386e-05
kidding,1.7604399953491386e-05
sexual,1.7604399953491386e-05
shoddy,1.753188231293983e-05
blurry,1.753188231293983e-05
unavailable,1.753188231293983e-05
dismissive,1.753188231293983e-05
sarcastic,1.753188231293983e-05
major,1.715430293134803e-05
exact,1.7061780760492325e-05
stressful,1.6807672614351755e-05
nonexistent,1.6735835375262927e-05
electrical,1.6735835375262927e-05
basic,1.6657059270907423e-05
extreme,1.6632077794712942e-05
lazy,1.6310691668380097e-05
white,1.6294960493324138e-05
soggy,1.6294388515844286e-05
unnecessary,1.6277214174422572e-05
female,1.6277214174422572e-05
back,1.6209639999859512e-05
longer,1.6168990125811708e-05
aggressive,1.6136524658397154e-05
2nd,1.5778344709150144e-05
cloudy,1.575649543983986e-05
plastic,1.5745371159130624e-05
original,1.533734500319512e-05
unreliable,1.523092882264419e-05
so-called,1.523092882264419e-05
apathetic,1.523092882264419e-05
lumpy,1.523092882264419e-05
moldy,1.523092882264419e-05
nauseous,1.523092882264419e-05
existent,1.523092882264419e-05
secure,1.523092882264419e-05
deplorable,1.523092882264419e-05
painful,1.5202833028409324e-05
human,1.4678592941994557e-05
upset,1.4678592941994557e-05
raw,1.429151612495004e-05
lukewarm,1.429151612495004e-05
loyal,1.4289898365332294e-05
general,1.4258551653484396e-05
fishy,1.4220928741540226e-05
indifferent,1.4190493234154737e-05
random,1.4182063366680415e-05
actual,1.4168085960823822e-05
greasy,1.4062457925136375e-05
numerous,1.3488448380124193e-05
earlier,1.3317720688163923e-05
angry,1.3317720688163923e-05
rock,1.329166170498399e-05
palatable,1.329166170498399e-05
absent,1.329166170498399e-05
suspicious,1.329166170498399e-05
slower,1.322757442649408e-05
hickory,1.3203299965118539e-05
refundable,1.3203299965118539e-05
perk-cup,1.3203299965118539e-05
stainless,1.3203299965118539e-05
ever.,1.3203299965118539e-05
automative,1.3203299965118539e-05
contracted,1.3203299965118539e-05
liable,1.3203299965118539e-05
accountable,1.3203299965118539e-05
repulsive,1.3203299965118539e-05
chick-fil-a,1.3203299965118539e-05
plastic-like,1.3203299965118539e-05
mush,1.2888147353318067e-05
uneven,1.2888147353318067e-05
metal,1.2888147353318067e-05
clueless,1.2888147353318067e-05
needless,1.2888147353318067e-05
inappropriate,1.2789656526280867e-05
minimum,1.2221171915217824e-05
potential,1.2221171915217824e-05
obnoxious,1.2221171915217824e-05
countless,1.2221171915217824e-05
rough,1.2058885967717978e-05
left,1.18379739450346e-05
uncomfortable,1.1781269811726319e-05
greedy,1.1652034719504672e-05
above,1.152244558231052e-05
inattentive,1.152244558231052e-05
reputable,1.152244558231052e-05
5th,1.152244558231052e-05
gated,1.0908347602149068e-05
untouched,1.0908347602149068e-05
harmful,1.0908347602149068e-05
criminal,1.0908347602149068e-05
tolerant,1.0908347602149068e-05
earliest,1.0908347602149068e-05
deaf,1.0908347602149068e-05
unfinished,1.0908347602149068e-05
underhanded,1.0908347602149068e-05
orthopedic,1.0908347602149068e-05
virgin,1.0908347602149068e-05
insensitive,1.0908347602149068e-05
brassy,1.0908347602149068e-05
such,1.0809349626512469e-05
slimy,1.0757683105598099e-05
spotty,1.0757683105598099e-05
ultimate,1.0757683105598099e-05
low,1.0705441212174114e-05
sticky,1.0647722924860238e-05
electric,1.0365572629205619e-05
fourth,1.0358227201905272e-05
gray,1.0231725221024695e-05
african,1.0231725221024695e-05
grungy,1.0231725221024695e-05
bogus,1.0231725221024695e-05
male,1.013522201893955e-05
blue,9.652148395031752e-06
normal,9.608522718128925e-06
bare,9.332370415938394e-06
monthly,9.332370415938394e-06
atrocious,9.30135267539621e-06
sloppy,9.220725207506336e-06
fluent,9.128244254013672e-06
unanswered,9.128244254013672e-06
ignorant,9.128244254013672e-06
glossy,9.128244254013672e-06
deviled,9.128244254013672e-06
inefficient,9.128244254013672e-06
bald,9.128244254013672e-06
ceramic,8.978923456476593e-06
valid,8.978923456476593e-06
elderly,8.978923456476593e-06
particular,8.91681266099821e-06
upper,8.878480458775948e-06
poopy,8.802199976745693e-06
putrid,8.802199976745693e-06
non-negotiable,8.802199976745693e-06
underaged,8.802199976745693e-06
biracial,8.802199976745693e-06
bullshit,8.802199976745693e-06
drivable,8.802199976745693e-06
charitable,8.802199976745693e-06
mouldy,8.802199976745693e-06
avg,8.802199976745693e-06
uncleaned,8.802199976745693e-06
nerve,8.802199976745693e-06
profitable,8.802199976745693e-06
southpoint,8.802199976745693e-06
abominable,8.802199976745693e-06
blow,8.802199976745693e-06
gulag,8.802199976745693e-06
carnal,8.802199976745693e-06
undamaged,8.802199976745693e-06
sneaky,8.802199976745693e-06
subzero,8.802199976745693e-06
failed,8.802199976745693e-06
swampy,8.802199976745693e-06
lamb-chop,8.802199976745693e-06
just-eat,8.802199976745693e-06
uncaring,8.802199976745693e-06
unaccommodating,8.802199976745693e-06
stagnant,8.802199976745693e-06
itchy,8.802199976745693e-06
grease-laden,8.802199976745693e-06
confused,8.802199976745693e-06
combative,8.802199976745693e-06
neglectful,8.802199976745693e-06
dubious,8.802199976745693e-06
snippy,8.802199976745693e-06
pubic,8.802199976745693e-06
federal,8.802199976745693e-06
earned,8.802199976745693e-06
nastiest,8.802199976745693e-06
livid,8.802199976745693e-06
drinkable,8.802199976745693e-06
dirtiest,8.802199976745693e-06
quoted,8.802199976745693e-06
disturbing,8.802199976745693e-06
annoying,8.802199976745693e-06
non-refundable,8.802199976745693e-06
shittiest,8.802199976745693e-06
cervical,8.802199976745693e-06
argumentative,8.802199976745693e-06
venti,8.802199976745693e-06
verbal,8.802199976745693e-06
drybar,8.802199976745693e-06
continual,8.802199976745693e-06
,depth,8.802199976745693e-06
candid,8.802199976745693e-06
stank,8.802199976745693e-06
25th,8.802199976745693e-06
judgemental,8.802199976745693e-06
nigh,8.802199976745693e-06
once-a-year,8.802199976745693e-06
core,8.802199976745693e-06
ratchett,8.802199976745693e-06
touch-up,8.802199976745693e-06
19th,8.802199976745693e-06
disgusting,8.802199976745693e-06
awful.,8.802199976745693e-06
shocking,8.802199976745693e-06
relish,8.802199976745693e-06
awkward,8.775348260166681e-06
complex,8.558719974075967e-06
premium,8.558719974075967e-06
like,8.511581763890952e-06
visible,8.316038897356471e-06
available,8.180546906895559e-06
instant,8.015849734824874e-06
outrageous,7.872685579565312e-06
callous,7.858254090177499e-06
unremarkable,7.858254090177499e-06
unapologetic,7.67379391576852e-06
tiniest,7.67379391576852e-06
capable,7.67379391576852e-06
uneasy,7.67379391576852e-06
unreal,7.67379391576852e-06
f,7.67379391576852e-06
seperate,7.67379391576852e-06
haired,7.67379391576852e-06
young,7.615565400165524e-06
grey,7.398733715646621e-06
direct,7.398733715646621e-06
older,7.335083076349385e-06
limp,7.1974764093273075e-06
bitter,7.112828556488072e-06
sketchy,7.1070538966625065e-06
pink,7.091031683340208e-06
inconvenient,6.8444853350012216e-06
faulty,6.8444853350012216e-06
apparent,6.8444853350012216e-06
apt,6.8444853350012216e-06
forgivable,6.645830852491995e-06
rust,6.645830852491995e-06
unaware,6.645830852491995e-06
respiratory,6.645830852491995e-06
theirs,6.645830852491995e-06
stupendous,6.645830852491995e-06
continued,6.645830852491995e-06
anticipated,6.645830852491995e-06
must-try,6.645830852491995e-06
defective,6.645830852491995e-06
stupidest,6.645830852491995e-06
dirtier,6.645830852491995e-06
sexist,6.645830852491995e-06
temporary,6.645830852491995e-06
tepid,6.645830852491995e-06
chillin,6.645830852491995e-06
twice,6.645830852491995e-06
moral,6.645830852491995e-06
speechless,6.645830852491995e-06
abhorrent,6.645830852491995e-06
forgiving,6.645830852491995e-06
managerial,6.645830852491995e-06
disgruntled,6.645830852491995e-06
grimy,6.645830852491995e-06
astronomical,6.645830852491995e-06
mealy,6.645830852491995e-06
hostile,6.645830852491995e-06
letdown,6.645830852491995e-06
reddish,6.645830852491995e-06
cruel,6.645830852491995e-06
wannabe,6.645830852491995e-06
surly,6.645830852491995e-06
wierd,6.645830852491995e-06
naan,6.645830852491995e-06
aloof,6.645830852491995e-06
looong,6.645830852491995e-06
unkempt,6.645830852491995e-06
half-hearted,6.645830852491995e-06
non-existent,6.540652024256498e-06
valuable,6.444073676659034e-06
inferior,6.444073676659034e-06
cleaner,6.444073676659034e-06
promising,6.444073676659034e-06
immune,6.444073676659034e-06
desperate,6.393492387244874e-06
sincere,5.9189869725173e-06
hectic,5.9189869725173e-06
weak,5.777146612582746e-06
smallest,5.734608174611346e-06
runny,5.680282491606131e-06
certain,5.392147715387761e-06
domestic,5.378841552799049e-06
promotional,5.378841552799049e-06
21st,5.378841552799049e-06
vacant,5.378841552799049e-06
hopeful,5.378841552799049e-06
tech,5.378841552799049e-06
heck,5.378841552799049e-06
hospital,5.378841552799049e-06
unfair,5.378841552799049e-06
necessary,5.224525582679827e-06
rental,5.224525582679827e-06
smart,5.138917513328903e-06
attached,5.1158626105123475e-06
technical,5.1158626105123475e-06
portable,5.1158626105123475e-06
fussy,5.1158626105123475e-06
prospective,5.1158626105123475e-06
valiant,5.1158626105123475e-06
customary,5.1158626105123475e-06
unclean,5.1158626105123475e-06
fixed,5.1158626105123475e-06
executive,5.1158626105123475e-06
inadequate,5.1158626105123475e-06
constructive,5.1158626105123475e-06
obscene,5.1158626105123475e-06
naked,5.1158626105123475e-06
anymore,5.1158626105123475e-06
slowest,5.1158626105123475e-06
appalling,5.1158626105123475e-06
ex,5.1158626105123475e-06
unclear,5.1158626105123475e-06
c,5.1158626105123475e-06
stewed,5.1158626105123475e-06
eligible,5.1158626105123475e-06
$20,5.1158626105123475e-06
marginal,5.1158626105123475e-06
passive,5.1158626105123475e-06
loud,5.098583255963493e-06
offensive,5.067611009469775e-06
harsh,5.067611009469775e-06
undercooked,5.067611009469775e-06
mean,4.974649818571373e-06
acceptable,4.8187461720297075e-06
fake,4.613204333454313e-06
recent,4.598916854489024e-06
deceptive,4.439240229387974e-06
slim,4.439240229387974e-06
priceless,4.439240229387974e-06
reserved,4.439240229387974e-06
strict,4.439240229387974e-06
advanced,4.439240229387974e-06
avid,4.439240229387974e-06
absurd,4.439240229387974e-06
below,4.439240229387974e-06
move-out,4.401099988372847e-06
hateful,4.401099988372847e-06
inhabitable,4.401099988372847e-06
one-sided,4.401099988372847e-06
crazier,4.401099988372847e-06
do,4.401099988372847e-06
avgerage,4.401099988372847e-06
service..ineffective,4.401099988372847e-06
-solid,4.401099988372847e-06
gutless,4.401099988372847e-06
amateur,4.401099988372847e-06
administrative,4.401099988372847e-06
off-colored,4.401099988372847e-06
preprepared,4.401099988372847e-06
crudy,4.401099988372847e-06
unwatchable,4.401099988372847e-06
falooda,4.401099988372847e-06
coolatta,4.401099988372847e-06
chubby,4.401099988372847e-06
helpless,4.401099988372847e-06
nonrefundable,4.401099988372847e-06
in-line,4.401099988372847e-06
textured,4.401099988372847e-06
...sliced,4.401099988372847e-06
disappointin,4.401099988372847e-06
undeniable,4.401099988372847e-06
dry/tasteless,4.401099988372847e-06
topical,4.401099988372847e-06
snottiest,4.401099988372847e-06
desolate,4.401099988372847e-06
explicit,4.401099988372847e-06
scalloped,4.401099988372847e-06
watchful,4.401099988372847e-06
hazel,4.401099988372847e-06
coincidental,4.401099988372847e-06
full-scale,4.401099988372847e-06
finger-smudged,4.401099988372847e-06
unconscious,4.401099988372847e-06
quesadillas,4.401099988372847e-06
preventive,4.401099988372847e-06
pain,4.401099988372847e-06
ahwatukee,4.401099988372847e-06
any/all,4.401099988372847e-06
forgone,4.401099988372847e-06
overage,4.401099988372847e-06
revised,4.401099988372847e-06
disproportional,4.401099988372847e-06
uninhabitable,4.401099988372847e-06
unsympathetic,4.401099988372847e-06
overheated,4.401099988372847e-06
54th,4.401099988372847e-06
story-avoid,4.401099988372847e-06
over-responded,4.401099988372847e-06
sh*tty-est,4.401099988372847e-06
overcharge,4.401099988372847e-06
transitional,4.401099988372847e-06
wildest,4.401099988372847e-06
semi-nice,4.401099988372847e-06
inexcusable,4.401099988372847e-06
prorated,4.401099988372847e-06
dotted,4.401099988372847e-06
-big,4.401099988372847e-06
boldfaced,4.401099988372847e-06
insistent,4.401099988372847e-06
alittle,4.401099988372847e-06
sleezy,4.401099988372847e-06
ejuice,4.401099988372847e-06
fireproof,4.401099988372847e-06
fruitless,4.401099988372847e-06
par,4.401099988372847e-06
unreserved,4.401099988372847e-06
whacky,4.401099988372847e-06
60-minute,4.401099988372847e-06
ickier,4.401099988372847e-06
italian-like,4.401099988372847e-06
retention,4.401099988372847e-06
conflicted,4.401099988372847e-06
pastey,4.401099988372847e-06
gna,4.401099988372847e-06
unassigned,4.401099988372847e-06
crappie,4.401099988372847e-06
presurgical,4.401099988372847e-06
shifty,4.401099988372847e-06
bumpy,4.401099988372847e-06
non-sexual,4.401099988372847e-06
unreturend,4.401099988372847e-06
bankrupt,4.401099988372847e-06
beverly,4.401099988372847e-06
vinegar-ridden,4.401099988372847e-06
offline,4.401099988372847e-06
compact,4.401099988372847e-06
assigned,4.401099988372847e-06
chestnut,4.401099988372847e-06
expired,4.401099988372847e-06
sunburnt,4.401099988372847e-06
-bullshit,4.401099988372847e-06
systematic,4.401099988372847e-06
armourall,4.401099988372847e-06
homesick,4.401099988372847e-06
kadhai,4.401099988372847e-06
sooo,4.401099988372847e-06
baffled,4.401099988372847e-06
childish,4.401099988372847e-06
unexplained,4.401099988372847e-06
cray,4.401099988372847e-06
credit/debit,4.401099988372847e-06
naive,4.401099988372847e-06
foul--just,4.401099988372847e-06
not-a-real,4.401099988372847e-06
ice-cream-scooped,4.401099988372847e-06
sadest,4.401099988372847e-06
menopausal,4.401099988372847e-06
incidental,4.401099988372847e-06
blackest,4.401099988372847e-06
standoffish,4.401099988372847e-06
unflinching,4.401099988372847e-06
2-year,4.401099988372847e-06
undigestsble,4.401099988372847e-06
no-showed,4.401099988372847e-06
flavor--which,4.401099988372847e-06
20ishmin,4.401099988372847e-06
seethrough,4.401099988372847e-06
kippered,4.401099988372847e-06
unsatisfied,4.401099988372847e-06
fanatic,4.401099988372847e-06
demented,4.401099988372847e-06
disconnected,4.401099988372847e-06
40th,4.401099988372847e-06
oversauced,4.401099988372847e-06
bummed,4.401099988372847e-06
unstable,4.401099988372847e-06
notsk,4.401099988372847e-06
dumbest,4.401099988372847e-06
unconvincing,4.401099988372847e-06
hasty,4.401099988372847e-06
noisiest,4.401099988372847e-06
gluten-y,4.401099988372847e-06
chinese/american,4.401099988372847e-06
-bad,4.401099988372847e-06
made.,4.401099988372847e-06
phony,4.401099988372847e-06
overcook,4.401099988372847e-06
casual,aggressive,4.401099988372847e-06
money-grabbing,4.401099988372847e-06
under-poured,4.401099988372847e-06
over-rated,4.401099988372847e-06
clean/comfortable,4.401099988372847e-06
misshaped,4.401099988372847e-06
fetal,4.401099988372847e-06
http://www.bbb.org/southern-nevada/business-reviews/apartments/rebel-place-apartments-in-las-vegas-nv-82004,4.401099988372847e-06
clogged,4.401099988372847e-06
incompetant,4.401099988372847e-06
regulr,4.401099988372847e-06
small-talk,4.401099988372847e-06
$90,4.401099988372847e-06
weighted,4.401099988372847e-06
natural-looking,4.401099988372847e-06
interested,4.401099988372847e-06
hole-in-the-wall/college,4.401099988372847e-06
lanuage,4.401099988372847e-06
mythical,4.401099988372847e-06
str8,4.401099988372847e-06
driest,4.401099988372847e-06
nice,,4.401099988372847e-06
cross-countried,4.401099988372847e-06
virginia,4.401099988372847e-06
rmuscle,4.401099988372847e-06
restrictive,4.401099988372847e-06
accidental,4.401099988372847e-06
3mb,4.401099988372847e-06
in-full,4.401099988372847e-06
unsleepable,4.401099988372847e-06
rolls,baked,4.401099988372847e-06
scottsdale,4.401099988372847e-06
disaster--undersized,4.401099988372847e-06
early-season,4.401099988372847e-06
godawful,4.401099988372847e-06
capriottis,4.401099988372847e-06
despicable,4.401099988372847e-06
prolific,4.401099988372847e-06
onq,4.401099988372847e-06
navy,4.401099988372847e-06
way-too,4.401099988372847e-06
over-corrected,4.401099988372847e-06
asinine,4.401099988372847e-06
used,4.401099988372847e-06
interpersonal,4.401099988372847e-06
whack,4.401099988372847e-06
put-off,4.401099988372847e-06
associated,4.401099988372847e-06
over-brewed,4.401099988372847e-06
awaited,4.401099988372847e-06
sub-standard,4.401099988372847e-06
not-so-premium,4.401099988372847e-06
un-eaten,4.401099988372847e-06
jelly,4.401099988372847e-06
disrectful,4.401099988372847e-06
brainless,4.401099988372847e-06
annoyed/disappointed,4.401099988372847e-06
burly,4.401099988372847e-06
sone,4.401099988372847e-06
communistic,4.401099988372847e-06
half-fast,4.401099988372847e-06
no-filre,4.401099988372847e-06
move-in,4.401099988372847e-06
hapless,4.401099988372847e-06
receipted,4.401099988372847e-06
starless,4.401099988372847e-06
mason,4.401099988372847e-06
idealistic,4.401099988372847e-06
smart-alec,4.401099988372847e-06
selfless,4.401099988372847e-06
stuck,4.401099988372847e-06
concealed,4.401099988372847e-06
wide----wider,4.401099988372847e-06
afloat,4.401099988372847e-06
cumulative,4.401099988372847e-06
daughter-in-law,4.401099988372847e-06
off-strip,4.401099988372847e-06
disgustingly,4.401099988372847e-06
bar/dog,4.401099988372847e-06
waitressing,4.401099988372847e-06
-homeless,4.401099988372847e-06
public-facing,4.401099988372847e-06
2-page,4.401099988372847e-06
brkfst,4.401099988372847e-06
unprofessionalism,4.401099988372847e-06
blah.,4.401099988372847e-06
also-frustrated,4.401099988372847e-06
insured,4.401099988372847e-06
heartless,4.401099988372847e-06
teased,4.401099988372847e-06
excusable,4.401099988372847e-06
worse-,4.401099988372847e-06
unfocused,4.401099988372847e-06
prototypical,4.401099988372847e-06
bossy,4.401099988372847e-06
half-tail,4.401099988372847e-06
..last,4.401099988372847e-06
*****bed,4.401099988372847e-06
waxy,4.401099988372847e-06
swiss-made,4.401099988372847e-06
irritated,4.401099988372847e-06
8am,4.401099988372847e-06
whiney,4.401099988372847e-06
neglegant,4.401099988372847e-06
co-ed,4.401099988372847e-06
filthiest,4.401099988372847e-06
assed,4.401099988372847e-06
frostbite,4.401099988372847e-06
imposable,4.401099988372847e-06
out-of-state,4.401099988372847e-06
unknowledgeable,4.401099988372847e-06
6pm--,4.401099988372847e-06
shun,4.401099988372847e-06
ruthless,4.401099988372847e-06
back...worst,4.401099988372847e-06
racial,4.401099988372847e-06
frivolous,4.401099988372847e-06
grey-green,4.401099988372847e-06
lime-a-ritas,4.401099988372847e-06
nit,4.401099988372847e-06
overgrown,4.401099988372847e-06
soltani,4.401099988372847e-06
canoe--same,4.401099988372847e-06
gleeful,4.401099988372847e-06
one-star,4.401099988372847e-06
unentertaining,4.401099988372847e-06
lipoflow,4.401099988372847e-06
at-all,4.401099988372847e-06
resistant,4.401099988372847e-06
unattractive,4.401099988372847e-06
non-fancy,4.401099988372847e-06
provalone,4.401099988372847e-06
brown/reddish,4.401099988372847e-06
except,4.401099988372847e-06
lamb-shish,4.401099988372847e-06
yuppy,4.401099988372847e-06
retarded,4.401099988372847e-06
sexualized,4.401099988372847e-06
rules/,4.401099988372847e-06
iranian,4.401099988372847e-06
loathe,4.401099988372847e-06
returnable,4.401099988372847e-06
dandy,4.401099988372847e-06
unmotivated,4.401099988372847e-06
over-crowded,4.401099988372847e-06
arterial,4.401099988372847e-06
over-exaggerated,4.401099988372847e-06
toothbrushing,4.401099988372847e-06
barg,4.401099988372847e-06
bulky,4.401099988372847e-06
janky,4.401099988372847e-06
non-italian,4.401099988372847e-06
meagre,4.401099988372847e-06
embarassed,4.401099988372847e-06
dodgy,4.401099988372847e-06
dirtbag,4.401099988372847e-06
sparkly,4.401099988372847e-06
terrifying,4.401099988372847e-06
manicured,4.401099988372847e-06
primo,4.401099988372847e-06
acrid,4.401099988372847e-06
greasy-spoon,4.401099988372847e-06
streaky,4.401099988372847e-06
monday,4.401099988372847e-06
imparative,4.401099988372847e-06
delayed,4.401099988372847e-06
designated,4.401099988372847e-06
fahgetaboutit,4.401099988372847e-06
crapy,4.401099988372847e-06
forceful,4.401099988372847e-06
soapy,4.401099988372847e-06
retox,4.401099988372847e-06
unforgivable,4.401099988372847e-06
specfic,4.401099988372847e-06
distasteful,4.401099988372847e-06
apauld,4.401099988372847e-06
witless,4.401099988372847e-06
pencil,4.401099988372847e-06
twelve,4.401099988372847e-06
inconclusive,4.401099988372847e-06
14th,4.401099988372847e-06
driver/deliverer/technician/installer,4.401099988372847e-06
fit,4.401099988372847e-06
unbalanced,4.401099988372847e-06
suprise,4.401099988372847e-06
rubbery"and,4.401099988372847e-06
beaded,4.401099988372847e-06
arrowhead,4.401099988372847e-06
blasé,4.401099988372847e-06
isolated,4.401099988372847e-06
additiinal,4.401099988372847e-06
cancelled,4.401099988372847e-06
unthoughtful,4.401099988372847e-06
t.ook,4.401099988372847e-06
antagonistic,4.401099988372847e-06
plush-modern,4.401099988372847e-06
misguided,4.401099988372847e-06
skittish,4.401099988372847e-06
vapid,4.401099988372847e-06
lookout,4.401099988372847e-06
advertised,4.401099988372847e-06
negilent,4.401099988372847e-06
------------------------------------------------------------------------------------------,4.401099988372847e-06
.this,4.401099988372847e-06
shawama,4.401099988372847e-06
busy/crowded,4.401099988372847e-06
lounge-style,4.401099988372847e-06
baaaad,4.401099988372847e-06
uphill,4.401099988372847e-06
reborn,4.401099988372847e-06
inconvinced,4.401099988372847e-06
ragged,4.401099988372847e-06
underage,4.401099988372847e-06
chemical-flavor,4.401099988372847e-06
secured,4.401099988372847e-06
japanese-american,4.401099988372847e-06
intolerable,4.401099988372847e-06
guffawed,4.401099988372847e-06
lethargic,4.401099988372847e-06
rancid,4.401099988372847e-06
off-campus,4.401099988372847e-06
rife,4.401099988372847e-06
27th,4.401099988372847e-06
dinesafe,4.401099988372847e-06
crappiest,4.401099988372847e-06
salt/spice,4.401099988372847e-06
bland-,4.401099988372847e-06
survice,4.401099988372847e-06
kosher-style,4.401099988372847e-06
lax,4.401099988372847e-06
cheapeast,4.401099988372847e-06
smelly,4.401099988372847e-06
condescended,4.401099988372847e-06
uniformed,4.401099988372847e-06
tantamount,4.401099988372847e-06
drive-thru,4.401099988372847e-06
spoilt,4.401099988372847e-06
drafty,4.401099988372847e-06
baddest,4.401099988372847e-06
minium,4.401099988372847e-06
,found,4.401099988372847e-06
civilian,4.401099988372847e-06
angus,4.401099988372847e-06
snails,4.401099988372847e-06
upsetting,4.401099988372847e-06
rusted,4.401099988372847e-06
neighbouring,4.401099988372847e-06
undeserved,4.401099988372847e-06
addional,4.401099988372847e-06
driven,4.401099988372847e-06
by-product,4.401099988372847e-06
unimaginative,4.401099988372847e-06
demeaning,4.401099988372847e-06
uncontrolled,4.401099988372847e-06
cognitive,4.401099988372847e-06
regal,4.401099988372847e-06
12yr,4.401099988372847e-06
dryest,4.401099988372847e-06
under-warranty,4.401099988372847e-06
renaissance,4.401099988372847e-06
let-down,4.401099988372847e-06
sunday,4.401099988372847e-06
nausious,4.401099988372847e-06
civil,4.401099988372847e-06
obsolete,4.401099988372847e-06
low-class,4.401099988372847e-06
unedible,4.401099988372847e-06
direct-tv,4.401099988372847e-06
required,4.401099988372847e-06
worrisome,4.401099988372847e-06
aggravated,4.401099988372847e-06
gel-manicure,4.401099988372847e-06
pasty,4.401099988372847e-06
tapped,4.401099988372847e-06
sushi.,4.401099988372847e-06
guerilla,4.401099988372847e-06
global,4.401099988372847e-06
impartial,4.401099988372847e-06
punitive,4.401099988372847e-06
non-alcohol,4.401099988372847e-06
sadistic,4.401099988372847e-06
organizational,4.401099988372847e-06
solicitous,4.401099988372847e-06
non-shrimp,4.401099988372847e-06
subject,4.401099988372847e-06
differnt,4.401099988372847e-06
aghast,4.401099988372847e-06
unwoke,4.401099988372847e-06
two-way,4.401099988372847e-06
jucy,4.401099988372847e-06
erratic-ranging,4.401099988372847e-06
catty,4.401099988372847e-06
mid-priced,4.401099988372847e-06
threatening,4.401099988372847e-06
predatory,4.401099988372847e-06
cut,4.401099988372847e-06
costly,4.401099988372847e-06
unstocked,4.401099988372847e-06
self-help,4.401099988372847e-06
eggspensive,4.401099988372847e-06
------------------------------------------------------------------------,4.401099988372847e-06
barefoot,4.401099988372847e-06
up-charge,4.401099988372847e-06
1pm,4.401099988372847e-06
drawn-out,4.401099988372847e-06
has-been,4.401099988372847e-06
looooong,4.401099988372847e-06
dumber,4.401099988372847e-06
ambivalent,4.401099988372847e-06
45-second,4.401099988372847e-06
grizzled,4.401099988372847e-06
ultra-high,4.401099988372847e-06
disapointing,4.401099988372847e-06
pervy,4.401099988372847e-06
s***,4.401099988372847e-06
frickin,4.401099988372847e-06
menial,4.401099988372847e-06
a$$ho&e,4.401099988372847e-06
inebriated,4.401099988372847e-06
pleural,4.401099988372847e-06
corrected,4.401099988372847e-06
legged,4.401099988372847e-06
fucken,4.401099988372847e-06
blacker,4.401099988372847e-06
differant,4.401099988372847e-06
indecorous,4.401099988372847e-06
alright.,4.401099988372847e-06
$25,4.401099988372847e-06
junior,4.401099988372847e-06
update/sanitize,4.401099988372847e-06
uncharitable,4.401099988372847e-06
disgraceful,4.401099988372847e-06
forth,4.401099988372847e-06
unappreciated,4.401099988372847e-06
enjoyble,4.401099988372847e-06
reiki-like,4.401099988372847e-06
blazin,4.401099988372847e-06
6am-11am,4.401099988372847e-06
wannabee,4.401099988372847e-06
clear.,4.401099988372847e-06
hellish,4.401099988372847e-06
incomplete,4.401099988372847e-06
non-fat,4.401099988372847e-06
mandarin-speaking,4.401099988372847e-06
hard-earned,4.401099988372847e-06
bold-faced,4.401099988372847e-06
unusable,4.401099988372847e-06
undone,4.401099988372847e-06
pixelated,4.401099988372847e-06
dented,4.401099988372847e-06
bunless,4.401099988372847e-06
interocular,4.401099988372847e-06
bottle-typical,4.401099988372847e-06
empirical,4.401099988372847e-06
unfit,4.401099988372847e-06
flu/strep/pneumonia,4.401099988372847e-06
delivered,4.401099988372847e-06
perforated,4.401099988372847e-06
rly,4.401099988372847e-06
folksy,4.401099988372847e-06
grisly,4.401099988372847e-06
geeze,4.401099988372847e-06
vulgar,4.401099988372847e-06
salt/soy,4.401099988372847e-06
marital,4.401099988372847e-06
quarter-sized,4.401099988372847e-06
highlight-lowlight,4.401099988372847e-06
ratty,4.401099988372847e-06
cajun-inspired,4.401099988372847e-06
overall...so-so,4.401099988372847e-06
re-schedule,4.401099988372847e-06
sanfratello,4.401099988372847e-06
evicted,4.401099988372847e-06
abject,4.401099988372847e-06
$1140,4.401099988372847e-06
favourable,4.401099988372847e-06
unwelcomed,4.401099988372847e-06
hillbilly,4.401099988372847e-06
aweful,4.401099988372847e-06
-----------------------------------------------------------------------------------------------,4.401099988372847e-06
drivethru,4.401099988372847e-06
1st(and,4.401099988372847e-06
fees-the,4.401099988372847e-06
inspirational,4.401099988372847e-06
interracial,4.401099988372847e-06
browner,4.401099988372847e-06
new-build,4.401099988372847e-06
brooklyn,4.401099988372847e-06
diplomatic,4.401099988372847e-06
principal,4.401099988372847e-06
peppermint,4.401099988372847e-06
non-resident,4.401099988372847e-06
rebelplace,4.401099988372847e-06
fav.,4.401099988372847e-06
jumpy,4.401099988372847e-06
patient/family,4.401099988372847e-06
factual,4.401099988372847e-06
loose,4.288575732837008e-06
epic,4.279359987037983e-06
pretentious,4.255790881945476e-06
impossible,4.015621810024756e-06
louder,3.9291270450887495e-06
trivial,3.9291270450887495e-06
frizzy,3.9291270450887495e-06
safest,3.9291270450887495e-06
avian,3.9291270450887495e-06
regional,3.9291270450887495e-06
bleh,3.9291270450887495e-06
8th,3.9291270450887495e-06
frustrating,3.9291270450887495e-06
anti,3.9291270450887495e-06
longtime,3.9291270450887495e-06
snooty,3.9291270450887495e-06
upcoming,3.9291270450887495e-06
yucky,3.9291270450887495e-06
unruly,3.9291270450887495e-06
shameful,3.9291270450887495e-06
freakin,3.9291270450887495e-06
vulnerable,3.9291270450887495e-06
unsuccessful,3.9291270450887495e-06
13th,3.9291270450887495e-06
lost,3.9291270450887495e-06
ongoing,3.9291270450887495e-06
optimistic,3.9291270450887495e-06
inexperienced,3.9291270450887495e-06
semi,3.9291270450887495e-06
romantic,3.6372697130565153e-06
pale,3.5987382046636537e-06
outer,3.5987382046636537e-06
bubbly,3.5987382046636537e-06
lengthy,3.5987382046636537e-06
canned,3.5987382046636537e-06
sole,3.5987382046636537e-06
depressing,3.5987382046636537e-06
noticeable,3.5987382046636537e-06
simple,3.56697373707914e-06
loved,3.545515841670104e-06
prime,3.260755651871848e-06
lower,3.140077773691917e-06
default,2.95949348625865e-06
latino,2.95949348625865e-06
torn,2.95949348625865e-06
heartbroken,2.95949348625865e-06
minus,2.95949348625865e-06
sweaty,2.95949348625865e-06
deluxe,2.95949348625865e-06
7th,2.95949348625865e-06
desirable,2.95949348625865e-06
darn,2.95949348625865e-06
pre-packaged,2.95949348625865e-06
permanent,2.95949348625865e-06
utter,2.95949348625865e-06
commercial,2.95949348625865e-06
deeper,2.95949348625865e-06
imaginable,2.95949348625865e-06
responsive,2.925116086722227e-06
eager,2.925116086722227e-06
proper,2.859296014334417e-06
alive,2.8590504885580052e-06
16th,2.8384116382814448e-06
hotter,2.8384116382814448e-06
abysmal,2.8384116382814448e-06
german,2.8384116382814448e-06
understaffed,2.8384116382814448e-06
detailed,2.8384116382814448e-06
pro,2.8384116382814448e-06
ours,2.8384116382814448e-06
careful,2.6584925301288636e-06
polish,2.6296379043106795e-06
pre-cooked,2.5579313052561737e-06
kothu,2.5579313052561737e-06
big.,2.5579313052561737e-06
$100,2.5579313052561737e-06
one-time,2.5579313052561737e-06
counterproductive,2.5579313052561737e-06
civic,2.5579313052561737e-06
hurricane,2.5579313052561737e-06
wobbly,2.5579313052561737e-06
uptempo,2.5579313052561737e-06
non-alcoholic,2.5579313052561737e-06
connecticut,2.5579313052561737e-06
workable,2.5579313052561737e-06
newish,2.5579313052561737e-06
-too,2.5579313052561737e-06
foolish,2.5579313052561737e-06
scorched,2.5579313052561737e-06
gruff,2.5579313052561737e-06
dizzy,2.5579313052561737e-06
update-called,2.5579313052561737e-06
tempura,2.5579313052561737e-06
compatible,2.5579313052561737e-06
torture,2.5579313052561737e-06
carnival,2.5579313052561737e-06
dissappointed,2.5579313052561737e-06
faded,2.5579313052561737e-06
murky,2.5579313052561737e-06
flavoured,2.5579313052561737e-06
minced,2.5579313052561737e-06
28th,2.5579313052561737e-06
grayish,2.5579313052561737e-06
fearful,2.5579313052561737e-06
rediculous,2.5579313052561737e-06
choppy,2.5579313052561737e-06
designed,2.5579313052561737e-06
anal,2.5579313052561737e-06
farthest,2.5579313052561737e-06
repeated,2.5579313052561737e-06
submissive,2.5579313052561737e-06
vain,2.5579313052561737e-06
dour,2.5579313052561737e-06
retired,2.5579313052561737e-06
overloaded,2.5579313052561737e-06
well-rolled,2.5579313052561737e-06
over-sauced,2.5579313052561737e-06
peachy,2.5579313052561737e-06
non-stop,2.5579313052561737e-06
uninspired,2.5579313052561737e-06
bearded,2.5579313052561737e-06
uninterested,2.5579313052561737e-06
cactus,2.5579313052561737e-06
uglier,2.5579313052561737e-06
southeast,2.5579313052561737e-06
metropolitan,2.5579313052561737e-06
shot,2.5579313052561737e-06
listed,2.5579313052561737e-06
spiral,2.5579313052561737e-06
consecutive,2.5579313052561737e-06
sleazy,2.5579313052561737e-06
snobbish,2.5579313052561737e-06
disruptive,2.5579313052561737e-06
miserly,2.5579313052561737e-06
wasted,2.5579313052561737e-06
furnished,2.5579313052561737e-06
compliant,2.5579313052561737e-06
auto-pay,2.5579313052561737e-06
hopeless,2.5579313052561737e-06
truthful,2.5579313052561737e-06
unintentional,2.5579313052561737e-06
non-veg,2.5579313052561737e-06
doubtful,2.5579313052561737e-06
observant,2.5579313052561737e-06
outback,2.5579313052561737e-06
unattentive,2.5579313052561737e-06
graphic,2.5579313052561737e-06
fatter,2.5579313052561737e-06
kbbq,2.5579313052561737e-06
viscous,2.5579313052561737e-06
nope,2.5579313052561737e-06
abandoned,2.5579313052561737e-06
hairy,2.5579313052561737e-06
overprice,2.5579313052561737e-06
woozy,2.5579313052561737e-06
conscientious,2.5579313052561737e-06
unwarranted,2.5579313052561737e-06
excess,2.5579313052561737e-06
purposeful,2.5579313052561737e-06
thinnest,2.5579313052561737e-06
vocal,2.5579313052561737e-06
tastless,2.5579313052561737e-06
pinot,2.5579313052561737e-06
spartan,2.5579313052561737e-06
slick,2.5579313052561737e-06
scruffy,2.5579313052561737e-06
crass,2.5579313052561737e-06
grade,2.5579313052561737e-06
healthiest,2.5579313052561737e-06
hurray,2.5579313052561737e-06
automated,2.5579313052561737e-06
coherent,2.5579313052561737e-06
self-proclaimed,2.5579313052561737e-06
43rd,2.5579313052561737e-06
ultrasound,2.5579313052561737e-06
boisterous,2.5579313052561737e-06
stranded,2.5579313052561737e-06
b,2.5579313052561737e-06
blustery,2.5579313052561737e-06
median,2.5579313052561737e-06
unkept,2.5579313052561737e-06
deceitful,2.5579313052561737e-06
velvet,2.5579313052561737e-06
crucial,2.5579313052561737e-06
overworked,2.5579313052561737e-06
disheartening,2.5579313052561737e-06
unkind,2.5579313052561737e-06
unseen,2.5579313052561737e-06
strenuous,2.5579313052561737e-06
furthest,2.5579313052561737e-06
lollypop,2.5579313052561737e-06
grown,2.5579313052561737e-06
paltry,2.5579313052561737e-06
negligible,2.5579313052561737e-06
cookie-cutter,2.5579313052561737e-06
characteristic,2.5579313052561737e-06
long-haired,2.5579313052561737e-06
sporadic,2.5579313052561737e-06
over-battered,2.5579313052561737e-06
experienced,2.5579313052561737e-06
dinky,2.5579313052561737e-06
lanky,2.5579313052561737e-06
funnier,2.5579313052561737e-06
unsavory,2.5579313052561737e-06
superficial,2.5579313052561737e-06
contagious,2.5579313052561737e-06
tuesday,2.5579313052561737e-06
wrinkled,2.5579313052561737e-06
cool.,2.5579313052561737e-06
autistic,2.5579313052561737e-06
nauseated,2.5579313052561737e-06
pesky,2.5579313052561737e-06
lifelong,2.5579313052561737e-06
brownish,2.5579313052561737e-06
spinal,2.5579313052561737e-06
agreed,2.5579313052561737e-06
microscopic,2.5579313052561737e-06
ingenious,2.5579313052561737e-06
parched,2.5579313052561737e-06
greyish,2.5579313052561737e-06
12th,2.5579313052561737e-06
posted,2.5579313052561737e-06
stoic,2.5579313052561737e-06
wealthy,2.5579313052561737e-06
tougher,2.5579313052561737e-06
manageable,2.5579313052561737e-06
distressing,2.5579313052561737e-06
incapable,2.5579313052561737e-06
gay,2.5579313052561737e-06
outpatient,2.5579313052561737e-06
trippin,2.5579313052561737e-06
blackberry,2.5579313052561737e-06
compulsive,2.5579313052561737e-06
rest,2.5579313052561737e-06
up-sell,2.5579313052561737e-06
all-day,2.5579313052561737e-06
suggested,2.5579313052561737e-06
funner,2.5579313052561737e-06
2pm,2.5579313052561737e-06
burnt,2.538521800055168e-06
sanitary,2.4093730860148537e-06
adult,2.4093730860148537e-06
collard,2.214215408841884e-06
mine,2.214215408841884e-06
prior,2.144287866418504e-06
lowest,2.144287866418504e-06
17th,2.144287866418504e-06
unappetizing,2.1396799935189917e-06
far,2.1396799935189917e-06
faithful,2.1396799935189917e-06
updated,2.1396799935189917e-06
behold,2.1396799935189917e-06
imo,2.1396799935189917e-06
evident,2.1396799935189917e-06
mysterious,2.1396799935189917e-06
likely,2.019982103903683e-06
tiny,1.9412529196668775e-06
tacky,1.6062487240099026e-06
fastest,1.6062487240099026e-06
tough,1.578918589803082e-06
precious,1.5057558941328602e-06
oral,1.479746743129325e-06
dusty,1.479746743129325e-06
immature,1.479746743129325e-06
undivided,1.479746743129325e-06
twisted,1.479746743129325e-06
antique,1.479746743129325e-06
chilled,1.479746743129325e-06
6pm,1.479746743129325e-06
tragic,1.479746743129325e-06
tedious,1.479746743129325e-06
fluorescent,1.479746743129325e-06
judgmental,1.479746743129325e-06
requested,1.479746743129325e-06
hooray,1.479746743129325e-06
arbitrary,1.479746743129325e-06
respective,1.479746743129325e-06
pitiful,1.479746743129325e-06
collective,1.479746743129325e-06
improper,1.479746743129325e-06
underdressed,1.479746743129325e-06
prone,1.479746743129325e-06
mental,1.479746743129325e-06
plum,1.479746743129325e-06
gastric,1.479746743129325e-06
obscure,1.479746743129325e-06
abrasive,1.479746743129325e-06
bent,1.479746743129325e-06
dreary,1.479746743129325e-06
on-time,1.479746743129325e-06
palm,1.479746743129325e-06
dreadful,1.479746743129325e-06
express,1.479746743129325e-06
continuous,1.479746743129325e-06
urinary,1.479746743129325e-06
unused,1.479746743129325e-06
discernible,1.479746743129325e-06
irrelevant,1.479746743129325e-06
steamy,1.479746743129325e-06
lacklustre,1.479746743129325e-06
scant,1.479746743129325e-06
crabby,1.479746743129325e-06
viable,1.479746743129325e-06
intensive,1.479746743129325e-06
yearly,1.479746743129325e-06
unwelcoming,1.479746743129325e-06
kool-aid,1.479746743129325e-06
chimichanga,1.479746743129325e-06
none,1.479746743129325e-06
taro,1.479746743129325e-06
precooked,1.479746743129325e-06
hurt,1.479746743129325e-06
idiotic,1.479746743129325e-06
slightest,1.479746743129325e-06
minuscule,1.479746743129325e-06
imho,1.479746743129325e-06
irate,1.479746743129325e-06
overrated,1.479746743129325e-06
scariest,1.479746743129325e-06
old-fashioned,1.479746743129325e-06
unattended,1.479746743129325e-06
advisable,1.479746743129325e-06
toughest,1.479746743129325e-06
maple,1.479746743129325e-06
laminated,1.479746743129325e-06
bottomless,1.479746743129325e-06
rampant,1.479746743129325e-06
autoimmune,1.479746743129325e-06
hideous,1.479746743129325e-06
angled,1.479746743129325e-06
phoenix,1.479746743129325e-06
upgraded,1.479746743129325e-06
disinterested,1.479746743129325e-06
comical,1.479746743129325e-06
suspect,1.479746743129325e-06
smug,1.479746743129325e-06
complacent,1.479746743129325e-06
hard-pressed,1.479746743129325e-06
lackadaisical,1.479746743129325e-06
overnight,1.479746743129325e-06
devoid,1.4295252442790026e-06
clay,1.4295252442790026e-06
ashamed,1.4295252442790026e-06
akin,1.4295252442790026e-06
lit,1.4295252442790026e-06
residential,1.4295252442790026e-06
stringy,1.4295252442790026e-06
national,1.4295252442790026e-06
visual,1.4295252442790026e-06
impatient,1.4295252442790026e-06
humid,1.4295252442790026e-06
satisfactory,1.4295252442790026e-06
unwelcome,1.4295252442790026e-06
farther,1.4295252442790026e-06
mongolian,1.3893353431333335e-06
doughy,1.269260900027584e-06
silly,1.269260900027584e-06
industrial,1.0311615747091867e-06
friendlier,9.145676273090162e-07
brief,9.145676273090162e-07
blind,9.145676273090162e-07
interior,8.031243620049513e-07
bloody,8.031243620049513e-07
supportive,8.031243620049513e-07
well,8.031243620049513e-07
sober,8.031243620049513e-07
equivalent,8.031243620049513e-07
functional,8.031243620049513e-07
identical,8.031243620049513e-07
non,7.283690365662134e-07
overcrowded,7.147626221395013e-07
oriented,7.147626221395013e-07
frat,7.147626221395013e-07
brother-in-law,7.147626221395013e-07
chronic,7.147626221395013e-07
alone,7.147626221395013e-07
singular,7.147626221395013e-07
uncooked,7.147626221395013e-07
scottish,7.147626221395013e-07
kindest,7.147626221395013e-07
windy,7.147626221395013e-07
covered,7.147626221395013e-07
overweight,7.147626221395013e-07
neon,7.147626221395013e-07
alternate,7.147626221395013e-07
poorer,7.147626221395013e-07
inevitable,7.147626221395013e-07
elusive,7.147626221395013e-07
rowdy,7.147626221395013e-07
hangry,7.147626221395013e-07
quickest,7.147626221395013e-07
arabic,7.147626221395013e-07
selfish,7.147626221395013e-07
sayin,7.147626221395013e-07
spicey,7.147626221395013e-07
grouchy,7.147626221395013e-07
disabled,7.147626221395013e-07
darker,7.147626221395013e-07
under-seasoned,7.147626221395013e-07
oblivious,7.147626221395013e-07
legitimate,7.147626221395013e-07
consistant,7.147626221395013e-07
couple,7.147626221395013e-07
multi,7.147626221395013e-07
po,7.147626221395013e-07
mandatory,7.147626221395013e-07
invisible,7.147626221395013e-07
subsequent,7.147626221395013e-07
serviceable,7.147626221395013e-07
caucasian,7.147626221395013e-07
hardcore,7.147626221395013e-07
evil,7.147626221395013e-07
guaranteed,7.147626221395013e-07
nowhere,7.147626221395013e-07
juicier,7.147626221395013e-07
trusted,7.147626221395013e-07
flimsy,7.147626221395013e-07
probable,7.147626221395013e-07
deep-fried,7.147626221395013e-07
impersonal,7.147626221395013e-07
bummer,7.147626221395013e-07
unimportant,7.147626221395013e-07
wintermelon,7.147626221395013e-07
sandy,7.147626221395013e-07
blunt,7.147626221395013e-07
practical,7.147626221395013e-07
24-hour,7.147626221395013e-07
30th,7.147626221395013e-07
pointless,7.147626221395013e-07
underneath,7.147626221395013e-07
youngest,7.147626221395013e-07
selective,7.147626221395013e-07
aback,7.147626221395013e-07
christian,7.147626221395013e-07
unfresh,7.147626221395013e-07
yelp,6.873707279542032e-07
sub-par,6.069741971385111e-07
drunk,5.665505598083977e-07
unsure,4.855793577108089e-07
opposite,3.641845182831067e-07
international,3.641845182831067e-07
skinny,3.641845182831067e-07
legendary,2.4278967885540445e-07
electronic,2.4278967885540445e-07
finest,2.4278967885540445e-07
unknown,2.4278967885540445e-07
brutal,2.4278967885540445e-07
unreasonable,2.4278967885540445e-07
tasteful,2.4278967885540445e-07
dingy,2.4278967885540445e-07
ripe,2.4278967885540445e-07
straight,2.052145644947128e-07
petty,1.2139483942770223e-07
teenage,1.2139483942770223e-07
medium-rare,1.2139483942770223e-07
edgy,1.2139483942770223e-07
overdone,1.2139483942770223e-07
logical,1.2139483942770223e-07
miniature,1.2139483942770223e-07
cardboard,1.2139483942770223e-07
dramatic,1.2139483942770223e-07
icky,1.2139483942770223e-07
cracked,1.2139483942770223e-07
texas,1.2139483942770223e-07
flavourless,1.2139483942770223e-07
comprehensive,1.2139483942770223e-07
tomorrow,1.2139483942770223e-07
weirdest,1.2139483942770223e-07
gloppy,1.2139483942770223e-07
cosmetic,1.2139483942770223e-07
reluctant,1.2139483942770223e-07
conducive,1.2139483942770223e-07
mobile,1.2139483942770223e-07
mani-pedi,1.2139483942770223e-07
dutch,1.2139483942770223e-07
recognizable,1.2139483942770223e-07
suburban,1.2139483942770223e-07
automatic,1.2139483942770223e-07
-good,1.2139483942770223e-07
filipino,1.2139483942770223e-07
aloha,1.2139483942770223e-07
educated,1.2139483942770223e-07
spongy,1.2139483942770223e-07
half-full,1.2139483942770223e-07
unsatisfactory,1.2139483942770223e-07
olive,1.2139483942770223e-07
americanized,1.2139483942770223e-07
abusive,1.2139483942770223e-07
religious,1.2139483942770223e-07
physical,8.550925981284815e-08
afghan,-3.337826146941296e-08
individual,-6.675652293882591e-08
primary,-1.5066449655096794e-07
imperial,-1.5066449655096794e-07
lackluster,-1.5066449655096794e-07
borderline,-2.6409469873273424e-07
significant,-2.6409469873273424e-07
lesser,-2.6409469873273424e-07
justice,-2.6409469873273424e-07
asleep,-2.6409469873273424e-07
5-star,-2.6409469873273424e-07
aside,-3.3549780799641795e-07
mature,-3.634219399873475e-07
bi,-3.634219399873475e-07
mani/pedi,-3.634219399873475e-07
pristine,-3.634219399873475e-07
sassy,-3.634219399873475e-07
heated,-3.634219399873475e-07
soupy,-3.634219399873475e-07
cranky,-3.634219399873475e-07
inner,-3.634219399873475e-07
infamous,-3.634219399873475e-07
keen,-3.634219399873475e-07
sizable,-3.634219399873475e-07
realistic,-3.634219399873475e-07
dull,-3.634219399873475e-07
drab,-3.634219399873475e-07
calamari,-3.634219399873475e-07
secret,-3.634219399873475e-07
well-done,-3.634219399873475e-07
round,-3.634219399873475e-07
dimensional,-3.634219399873475e-07
musical,-3.634219399873475e-07
10th,-3.634219399873475e-07
dynamic,-3.634219399873475e-07
sautéed,-3.634219399873475e-07
cautious,-3.634219399873475e-07
dire,-3.634219399873475e-07
tart,-3.634219399873475e-07
shwarma,-3.634219399873475e-07
front,-3.692169121362343e-07
early,-3.8520962471870074e-07
carne,-4.1627299206287325e-07
mid,-4.1627299206287325e-07
noisy,-4.5199348965289836e-07
natural,-6.026579862038717e-07
flaky,-6.34290806338058e-07
bahn,-7.26843879974695e-07
handy,-7.26843879974695e-07
added,-7.26843879974695e-07
greater,-7.26843879974695e-07
equal,-7.26843879974695e-07
outdated,-7.26843879974695e-07
chopped,-7.26843879974695e-07
vegetarian/vegan,-7.733286863571768e-07
stinky,-7.733286863571768e-07
softer,-7.733286863571768e-07
flexible,-7.733286863571768e-07
wee,-7.733286863571768e-07
yay,-7.733286863571768e-07
disposable,-7.733286863571768e-07
mistaken,-7.733286863571768e-07
ironic,-7.733286863571768e-07
tolerable,-7.733286863571768e-07
sucky,-7.733286863571768e-07
crystal,-7.733286863571768e-07
stronger,-7.733286863571768e-07
even,-7.733286863571768e-07
plus,-7.733286863571768e-07
weary,-7.733286863571768e-07
hello,-7.733286863571768e-07
unappealing,-7.733286863571768e-07
alike,-7.733286863571768e-07
dear,-7.733286863571768e-07
challenging,-7.733286863571768e-07
senior,-7.733286863571768e-07
colder,-7.733286863571768e-07
literal,-7.733286863571768e-07
silent,-7.733286863571768e-07
ish,-7.733286863571768e-07
social,-8.99804518226891e-07
funky,-1.0010015157443695e-06
tangy,-1.0010015157443695e-06
understandable,-1.0010015157443695e-06
pre-made,-1.0902658199620435e-06
star,-1.0902658199620435e-06
worthy,-1.0902658199620435e-06
bizarre,-1.1284060609771713e-06
trustworthy,-1.1284060609771713e-06
concerned,-1.1284060609771713e-06
wacky,-1.1284060609771713e-06
easiest,-1.1284060609771713e-06
official,-1.1284060609771713e-06
overdue,-1.1284060609771713e-06
respectable,-1.1284060609771713e-06
sympathetic,-1.1284060609771713e-06
puffy,-1.1284060609771713e-06
fav,-1.1284060609771713e-06
staple,-1.1284060609771713e-06
neapolitan,-1.1284060609771713e-06
unbearable,-1.1284060609771713e-06
clever,-1.1284060609771713e-06
protective,-1.1284060609771713e-06
malaysian,-1.152531861498458e-06
empathetic,-1.152531861498458e-06
scrambled,-1.152531861498458e-06
luxury,-1.152531861498458e-06
breaded,-1.152531861498458e-06
younger,-1.1645142906558002e-06
1st,-1.2097772631260595e-06
watery,-1.2097772631260595e-06
damn,-1.268581612676116e-06
important,-1.436323532797537e-06
crowded,-1.441606502114197e-06
sufficient,-1.441606502114197e-06
jambalaya,-1.441606502114197e-06
stained,-1.441606502114197e-06
safer,-1.441606502114197e-06
whipped,-1.441606502114197e-06
uncommon,-1.441606502114197e-06
sterile,-1.441606502114197e-06
old-school,-1.441606502114197e-06
adjacent,-1.441606502114197e-06
sharp,-1.441606502114197e-06
nearest,-1.441606502114197e-06
sheer,-1.441606502114197e-06
brave,-1.441606502114197e-06
s,-1.441606502114197e-06
independent,-1.441606502114197e-06
partial,-1.441606502114197e-06
themed,-1.441606502114197e-06
drunken,-1.441606502114197e-06
transparent,-1.441606502114197e-06
ecstatic,-1.441606502114197e-06
culinary,-1.5215811819375806e-06
enthusiastic,-1.5215811819375806e-06
underwhelming,-1.5215811819375806e-06
scary,-1.5215811819375806e-06
spotless,-1.5215811819375806e-06
warmer,-1.5215811819375806e-06
standout,-1.5466573727143536e-06
high-end,-1.5466573727143536e-06
formal,-1.5466573727143536e-06
complicated,-1.5466573727143536e-06
oldest,-1.7217738436889703e-06
annual,-1.7217738436889703e-06
satisfied,-1.7217738436889703e-06
stiff,-1.7217738436889703e-06
fast-food,-1.7217738436889703e-06
mere,-1.7217738436889703e-06
roomy,-1.7217738436889703e-06
split,-1.7217738436889703e-06
grumpy,-1.7217738436889703e-06
confusing,-1.7217738436889703e-06
forgettable,-1.7217738436889703e-06
unhealthy,-1.7217738436889703e-06
precise,-1.7217738436889703e-06
appetizing,-1.7217738436889703e-06
circular,-1.7217738436889703e-06
conscious,-1.7217738436889703e-06
elite,-1.7217738436889703e-06
unfortunate,-1.731071441652759e-06
shy,-1.913579445398293e-06
vintage,-1.913579445398293e-06
substantial,-1.913579445398293e-06
immediate,-1.9307678446863635e-06
remarkable,-1.97521603248304e-06
sweetest,-1.97521603248304e-06
mellow,-1.97521603248304e-06
n,-1.97521603248304e-06
intense,-1.97521603248304e-06
pita,-1.97521603248304e-06
belgian,-1.97521603248304e-06
sore,-1.97521603248304e-06
cantonese,-1.97521603248304e-06
private,-2.1688937952571437e-06
native,-2.20659062310402e-06
military,-2.20659062310402e-06
flavored,-2.20659062310402e-06
dependable,-2.20659062310402e-06
busiest,-2.20659062310402e-06
specific,-2.2217197639659077e-06
halal,-2.2568121219543427e-06
tastier,-2.2568121219543427e-06
44th,-2.2568121219543427e-06
iced,-2.3199860590715304e-06
competent,-2.3199860590715304e-06
appreciative,-2.4194346138659016e-06
preferred,-2.4194346138659016e-06
chatty,-2.4194346138659016e-06
suitable,-2.4194346138659016e-06
thirsty,-2.4194346138659016e-06
active,-2.4194346138659016e-06
vibrant,-2.4194346138659016e-06
newest,-2.4194346138659016e-06
gonna,-2.459505450226857e-06
hefty,-2.579229661812403e-06
lame,-2.579229661812403e-06
quicker,-2.6164973694738497e-06
portuguese,-2.6164973694738497e-06
wild,-2.6164973694738497e-06
uptown,-2.6164973694738497e-06
notorious,-2.6164973694738497e-06
distinct,-2.6164973694738497e-06
fashioned,-2.6164973694738497e-06
effective,-2.6164973694738497e-06
catfish,-2.6164973694738497e-06
needed,-2.6164973694738497e-06
custom,-2.675191391326864e-06
4th,-2.6910944110685725e-06
canadian,-2.6910944110685725e-06
ordinary,-2.6910944110685725e-06
bottled,-2.7999584058158194e-06
creepy,-2.7999584058158194e-06
shiny,-2.7999584058158194e-06
homey,-2.7999584058158194e-06
excessive,-2.7999584058158194e-06
complementary,-2.7999584058158194e-06
funny,-2.8363735062042344e-06
personal,-2.8363735062042344e-06
stingy,-2.883213004228394e-06
reminiscent,-2.971574744093844e-06
brilliant,-2.971574744093844e-06
hottest,-2.971574744093844e-06
chaotic,-2.971574744093844e-06
endless,-2.971574744093844e-06
considerate,-2.971574744093844e-06
lone,-2.971574744093844e-06
narrow,-3.0457034997777473e-06
mashed,-3.0843206439070883e-06
latin,-3.093314745428707e-06
tad,-3.132783514022874e-06
square,-3.132783514022874e-06
pulled,-3.132783514022874e-06
busier,-3.132783514022874e-06
retro,-3.132783514022874e-06
handmade,-3.132783514022874e-06
delicate,-3.132783514022874e-06
guilty,-3.1707565788787522e-06
highest,-3.1707565788787522e-06
mushy,-3.2707974598861306e-06
sweeter,-3.2847751852308694e-06
largest,-3.2847751852308694e-06
thoughtful,-3.2847751852308694e-06
passable,-3.2847751852308694e-06
soothing,-3.2847751852308694e-06
sparse,-3.2847751852308694e-06
wooden,-3.2847751852308694e-06
fond,-3.2847751852308694e-06
limited,-3.4098730679045325e-06
extraordinary,-3.4285469725560483e-06
cleanest,-3.4285469725560483e-06
successful,-3.4435476873779406e-06
central,-3.4435476873779406e-06
latest,-3.4812352409720158e-06
former,-3.4812352409720158e-06
unlimited,-3.564942526805643e-06
toasted,-3.564942526805643e-06
gracious,-3.564942526805643e-06
accessible,-3.564942526805643e-06
repeat,-3.564942526805643e-06
cheerful,-3.564942526805643e-06
seaweed,-3.564942526805643e-06
fave,-3.694681931600698e-06
gluten-free,-3.694681931600698e-06
harder,-3.694681931600698e-06
speedy,-3.694681931600698e-06
pricy,-3.694681931600698e-06
appealing,-3.7030264969680514e-06
respectful,-3.7030264969680514e-06
exotic,-3.7030264969680514e-06
flat,-3.703363687657891e-06
inconsistent,-3.71087119282176e-06
skimpy,-3.71087119282176e-06
competitive,-3.818384715599712e-06
newer,-3.818384715599712e-06
purple,-3.818384715599712e-06
gigantic,-3.818384715599712e-06
public,-3.827158890796586e-06
messy,-3.866643431785884e-06
yellow,-3.866643431785884e-06
facial,-3.95043206496608e-06
dense,-3.95043206496608e-06
russian,-3.95043206496608e-06
attractive,-4.049759306220693e-06
sunny,-4.049759306220693e-06
proud,-4.049759306220693e-06
adventurous,-4.049759306220693e-06
definite,-4.049759306220693e-06
lucky,-4.0719554644700105e-06
difficult,-4.128840599870923e-06
fortunate,-4.18683812410553e-06
pure,-4.18683812410553e-06
future,-4.197045679331028e-06
english,-4.2411935970119894e-06
boring,-4.2411935970119894e-06
veal,-4.262603296982574e-06
elegant,-4.41318124620804e-06
superior,-4.41318124620804e-06
spiced,-4.41318124620804e-06
so-so,-4.41318124620804e-06
swiss,-4.4596660525905225e-06
timely,-4.513624243908685e-06
adequate,-4.513624243908685e-06
golden,-4.552978445022263e-06
sensitive,-4.605480811830194e-06
spanish,-4.605480811830194e-06
insane,-4.614938422041002e-06
steep,-4.614938422041002e-06
overwhelming,-4.614938422041002e-06
gooey,-4.614938422041002e-06
appropriate,-4.614938422041002e-06
generic,-4.630283252801537e-06
hilarious,-4.630283252801537e-06
lively,-4.630283252801537e-06
joint,-4.630283252801537e-06
mint,-4.730319500944409e-06
impeccable,-4.814743427210516e-06
patient,-4.814743427210516e-06
tall,-4.838869227731803e-06
all-you-can-eat,-4.838869227731803e-06
holy,-4.838869227731803e-06
enormous,-4.840927645972867e-06
accurate,-4.894875599336226e-06
key,-5.015396072601838e-06
unexpected,-5.039582128482092e-06
confident,-5.039582128482092e-06
smoked,-5.053033835302321e-06
skeptical,-5.053033835302321e-06
thankful,-5.127943868347543e-06
shredded,-5.158459323624806e-06
cheapest,-5.16532153106691e-06
entertaining,-5.200801311311183e-06
hearty,-5.271715655672722e-06
compassionate,-5.340787859109423e-06
stuffed,-5.340787859109423e-06
strange,-5.350382782653728e-06
minimal,-5.382188822137145e-06
trendy,-5.408111209922316e-06
unusual,-5.419619523811182e-06
sliced,-5.419619523811182e-06
sour,-5.441992415288342e-06
ideal,-5.466785876275902e-06
slight,-5.599916811631639e-06
cajun,-5.6004212737938335e-06
curly,-5.642030304885856e-06
thicker,-5.680170545900986e-06
weekly,-5.766426008456788e-06
hesitant,-5.766426008456788e-06
wise,-5.803321056625325e-06
steamed,-5.836944230628375e-06
plentiful,-5.836944230628375e-06
pushy,-5.943149488187688e-06
sized,-6.206128430474391e-06
lighter,-6.3415131577575045e-06
comparable,-6.395041770176397e-06
buttery,-6.395041770176397e-06
comfy,-6.396147128138935e-06
west,-6.4197303043712956e-06
grateful,-6.441603454164865e-06
oily,-6.503449148834356e-06
inside,-6.54276183669161e-06
stellar,-6.619771869312061e-06
grand,-6.619771869312061e-06
dim,-6.619771869312061e-06
plenty,-6.657912110327189e-06
mediterranean,-6.71526525638902e-06
greatest,-6.857093945112097e-06
closest,-6.887095374755881e-06
mild,-6.896202518418993e-06
outside,-6.995238351985501e-06
refreshing,-7.007790792541274e-06
fellow,-7.051087231287598e-06
tight,-7.099412596362033e-06
reliable,-7.149738873899245e-06
fluffy,-7.183956542226096e-06
phenomenal,-7.217831271900977e-06
thorough,-7.251279893038988e-06
knowledgable,-7.261206803182967e-06
odd,-7.3216879250893305e-06
crab,-7.5634475468871245e-06
curious,-7.656335630241955e-06
afraid,-7.737688985437212e-06
happier,-7.756285935885338e-06
nearby,-7.786195408416153e-06
informative,-7.873175490338875e-06
creative,-7.987551095023404e-06
very,-8.047500310434315e-06
cramped,-8.066114201961105e-06
roasted,-8.139897139303984e-06
spacious,-8.216292894114582e-06
mixed,-8.37367624821106e-06
south,-8.399875217447458e-06
cherry,-8.399875217447458e-06
calm,-8.421936152299448e-06
wow,-8.60886921844485e-06
massive,-8.725919494715437e-06
lovely,-8.795750634721787e-06
classy,-8.872158051606261e-06
familiar,-8.914724232281532e-06
nicer,-8.942395518407937e-06
gentle,-9.013463069365795e-06
intimate,-9.079212347531034e-06
priced,-9.137110499333242e-06
superb,-9.196869542096385e-06
east,-9.240377242171776e-06
nicest,-9.398350542068624e-06
minor,-9.471197572132204e-06
meh,-9.876080162415199e-06
famous,-1.0000703808553986e-05
double,-1.0079164256964183e-05
positive,-1.0170286603946499e-05
everyday,-1.0274335260779354e-05
salty,-1.0279047493842812e-05
dental,-1.035097534427213e-05
orange,-1.0444774421190505e-05
live,-1.0627479528503533e-05
giant,-1.06542514062649e-05
short,-1.0797654218722692e-05
prompt,-1.0816222419844632e-05
moist,-1.0882288618969136e-05
inexpensive,-1.1012008724006107e-05
lol,-1.1021064351726081e-05
outdoor,-1.1075701229434743e-05
personable,-1.1199833623263278e-05
signature,-1.1209676595251002e-05
daily,-1.1375647895121896e-05
memorable,-1.1375647895121896e-05
polite,-1.1384904789777838e-05
terrific,-1.1455154146799137e-05
gorgeous,-1.1455154146799137e-05
flavourful,-1.1617008126142516e-05
biggest,-1.1718791242443499e-05
nervous,-1.1924547819526414e-05
smooth,-1.203770419842488e-05
southern,-1.2097173069329507e-05
hawaiian,-1.2160159399715423e-05
upscale,-1.2259312641893256e-05
baked,-1.2262992130579095e-05
cheesy,-1.230016405949045e-05
frequent,-1.2615088745546616e-05
exceptional,-1.2652943210570634e-05
high,-1.2764273420352577e-05
easier,-1.2790083540352793e-05
light,-1.3088879242073155e-05
hard,-1.3138810849032078e-05
open,-1.3440839086783457e-05
american,-1.349789058636626e-05
willing,-1.3506601780407678e-05
brown,-1.3524876197091977e-05
indian,-1.3540872731726055e-05
pickled,-1.3583189648415592e-05
favourite,-1.3677203551161454e-05
separate,-1.3747929133840095e-05
rich,-1.375010650976861e-05
fancy,-1.3853229363918872e-05
weird,-1.4201784445690613e-05
medium,-1.4268401632366988e-05
notch,-1.4276279005504578e-05
alright,-1.4341765821780772e-05
heavy,-1.4528728413199862e-05
cheaper,-1.4593558477037562e-05
picky,-1.5029010362708644e-05
thai,-1.531267126048391e-05
true,-1.53127233372209e-05
spectacular,-1.544613436172814e-05
dark,-1.5862357255841397e-05
bright,-1.588412897526338e-05
welcome,-1.607440817130187e-05
closer,-1.609500062086863e-05
impressive,-1.6423875926154348e-05
crisp,-1.6526340626946954e-05
accommodating,-1.6843872304598896e-05
creamy,-1.686286560205259e-05
enjoyable,-1.7002038823999517e-05
greek,-1.7002038823999517e-05
middle,-1.713947505670932e-05
crunchy,-1.749354591230912e-05
hidden,-1.7533975983451463e-05
smaller,-1.8165260670039454e-05
japanese,-1.8599435735164932e-05
turkish,-1.8691533007145345e-05
wide,-1.8876747592311445e-05
various,-1.926423281529247e-05
complimentary,-1.9331491349393618e-05
larger,-1.9776145348736754e-05
close,-1.9897176239207736e-05
classic,-2.0124978309656056e-05
chewy,-2.046562832870383e-05
incredible,-2.0803205245244734e-05
efficient,-2.0803205245244734e-05
fabulous,-2.1293049535691908e-05
hungry,-2.1526175589652383e-05
casual,-2.1616352491704636e-05
higher,-2.1771017828039435e-05
crazy,-2.221068096763101e-05
consistent,-2.2239723650262318e-05
honest,-2.238352150224356e-05
popular,-2.2576208031911263e-05
convenient,-2.2647955472151134e-05
courteous,-2.3431420910151324e-05
frozen,-2.354847632526464e-05
modern,-2.365159750472204e-05
strong,-2.373766444778057e-05
rare,-2.4017838975931246e-05
similar,-2.4156344727017765e-05
pretty,-2.4479806794177663e-05
affordable,-2.4643036899821653e-05
wait,-2.5397765766845314e-05
bigger,-2.558592184911341e-05
full,-2.688908850417843e-05
quiet,-2.6919226370172957e-05
enough,-2.7383511399213533e-05
expensive,-2.758701456009859e-05
healthy,-2.789976543348035e-05
asian,-2.8133390144945017e-05
interesting,-2.9302685431091044e-05
flavorful,-2.9379415666359373e-05
traditional,-2.9856626644090124e-05
usual,-2.9916280644228257e-05
outstanding,-3.0142544498684124e-05
deep,-3.0321486806774518e-05
juicy,-3.12048078678671e-05
solid,-3.168655144889491e-05
cute,-3.172268303963668e-05
top,-3.2202485561415966e-05
able,-3.274608131083012e-05
knowledgeable,-3.276592117329053e-05
standard,-3.324296572123087e-05
french,-3.336104424284111e-05
main,-3.374985199295632e-05
vegetarian,-3.4844121853494445e-05
okay,-3.6661958899492626e-05
generous,-3.6717555209102605e-05
thick,-3.721161591316852e-05
italian,-3.805462315772587e-05
glad,-3.8267181733402454e-05
fair,-3.965921533329357e-05
red,-4.0364982059197515e-05
pricey,-4.071991426233142e-05
pleasant,-4.330972871198775e-05
yummy,-4.333126428096146e-05
grilled,-4.341785167195793e-05
soft,-4.3498312079373326e-05
typical,-4.44363448974145e-05
vietnamese,-4.521929275124629e-05
thin,-4.582167308475013e-05
green,-4.675331559244e-05
mexican,-5.1631599475531255e-05
better,-5.1688010726312624e-05
average,-5.4720093297777955e-05
crispy,-5.5413842860773464e-05
tender,-5.560154594856254e-05
real,-5.757093898699789e-05
fantastic,-5.797042276710566e-05
attentive,-5.8271652956332475e-05
authentic,-5.842503655946069e-05
only,-5.894925287574295e-05
beautiful,-5.939415993465696e-05
warm,-5.953495095511512e-05
own,-6.073747471295422e-05
professional,-6.28048344500134e-05
easy,-6.461093063301979e-05
right,-6.661838283386784e-05
comfortable,-6.717877631640984e-05
fun,-6.772413314008232e-05
sure,-6.962546799274166e-05
local,-6.977812080195765e-05
ok,-7.302185289464037e-05
korean,-7.603859496417269e-05
reasonable,-7.656601765645007e-05
wonderful,-7.81377000956469e-05
more,-8.04939134424697e-05
chinese,-8.055909812124629e-05
different,-8.206592236591678e-05
cool,-8.328648039298735e-05
cheap,-8.623219019241254e-05
few,-8.701900232487131e-05
worth,-9.464772388829915e-05
fast,-9.73049243790444e-05
perfect,-0.00010051127707533827
tasty,-0.00010105757457289366
helpful,-0.00010165409171898377
regular,-0.00010217875090429306
much,-0.00010672185518790536
busy,-0.00010683877532770548
favorite,-0.00011040201627133033
other,-0.00011741771565925646
most,-0.00011952381924836156
spicy,-0.00012203309832074986
decent,-0.00012419669634363532
many,-0.00012689465225918127
free,-0.00013069166653603348
awesome,-0.00013543610376967317
excellent,-0.0001381171019306163
fried,-0.0001445328253823052
overall,-0.00014933016903054573
quick,-0.0001498780879716899
special,-0.00015003122657614477
sweet,-0.0001502757143812285
huge,-0.00015252124327695817
big,-0.00015484220080122803
large,-0.00016703500898011966
super,-0.0001682649649587125
delicious,-0.00019328691642885005
happy,-0.00019385407647914512
hot,-0.00019462170401738987
clean,-0.00021453294236641835
little,-0.00021556227391745887
small,-0.00021604640966778994
amazing,-0.00021961175613842407
fresh,-0.0002566788583745469
friendly,-0.0003527912361474769
best,-0.00046113522535680304
nice,-0.0005121573261839544
great,-0.001052002174551018
good,-0.0014458301818962602
