[
    {
        "0": [
            "This",
            "DT"
        ],
        "1": [
            "place",
            "NN"
        ],
        "2": [
            "never",
            "RB"
        ],
        "3": [
            "disappoints",
            "VBZ"
        ],
        "4": [
            ".",
            "."
        ]
    },
    {
        "0": [
            "The",
            "DT"
        ],
        "1": [
            "house",
            "NN"
        ],
        "2": [
            "salads",
            "NNS"
        ],
        "3": [
            "were",
            "VBD"
        ],
        "4": [
            "teeny",
            "JJ"
        ],
        "5": [
            ".",
            "."
        ]
    },
    {
        "0": [
            "The",
            "DT"
        ],
        "1": [
            "wings",
            "NNS"
        ],
        "2": [
            ",",
            ","
        ],
        "3": [
            "brisket",
            "NN"
        ],
        "4": [
            ",",
            ","
        ],
        "5": [
            "and",
            "CC"
        ],
        "6": [
            "mac",
            "NN"
        ],
        "7": [
            "and",
            "CC"
        ],
        "8": [
            "cheese",
            "NN"
        ],
        "9": [
            "were",
            "VBD"
        ],
        "10": [
            "alright",
            "JJ"
        ],
        "11": [
            "at",
            "RB"
        ],
        "12": [
            "best",
            "RBS"
        ],
        "13": [
            ".",
            "."
        ]
    },
    {
        "0": [
            "Ambiance",
            "NN"
        ],
        "1": [
            "was",
            "VBD"
        ],
        "2": [
            "great",
            "JJ"
        ],
        "3": [
            ".",
            "."
        ]
    },
    {
        "0": [
            "The",
            "DT"
        ],
        "1": [
            "most",
            "RBS"
        ],
        "2": [
            "we",
            "PRP"
        ],
        "3": [
            "actually",
            "RB"
        ],
        "4": [
            "saw",
            "VBD"
        ],
        "5": [
            "our",
            "PRP$"
        ],
        "6": [
            "server",
            "NN"
        ],
        "7": [
            "was",
            "VBD"
        ],
        "8": [
            "when",
            "WRB"
        ],
        "9": [
            "she",
            "PRP"
        ],
        "10": [
            "hovered",
            "VBD"
        ],
        "11": [
            "over",
            "IN"
        ],
        "12": [
            "us",
            "PRP"
        ],
        "13": [
            "as",
            "IN"
        ],
        "14": [
            "we",
            "PRP"
        ],
        "15": [
            "put",
            "VBD"
        ],
        "16": [
            "the",
            "DT"
        ],
        "17": [
            "tip",
            "NN"
        ],
        "18": [
            "into",
            "IN"
        ],
        "19": [
            "the",
            "DT"
        ],
        "20": [
            "handheld",
            "NN"
        ],
        "21": [
            "credit",
            "NN"
        ],
        "22": [
            "card",
            "NN"
        ],
        "23": [
            "terminal",
            "NN"
        ],
        "24": [
            ".",
            "."
        ]
    }
]