rank,word,frequency
1,good,1567
2,other,569
3,great,537
4,nice,485
5,more,415
6,better,372
7,small,292
8,bad,271
9,decent,259
10,few,250
11,ok,242
12,friendly,236
13,hot,226
14,first,225
15,best,220
16,overall,213
17,little,212
18,fresh,197
19,large,185
20,special,178
21,clean,173
22,big,170
23,next,160
24,same,158
25,many,158
26,busy,156
27,much,155
28,delicious,151
29,sweet,147
30,okay,145
31,fried,142
32,tasty,141
33,different,136
34,most,135
35,only,133
36,sure,130
37,last,126
38,new,125
39,worth,121
40,average,119
41,quick,116
42,cheap,116
43,huge,113
44,fine,112
45,spicy,110
46,cold,109
47,full,103
48,amazing,102
49,chinese,102
50,free,101
51,dry,100
52,regular,95
53,fast,93
54,hard,93
55,long,91
56,least,90
57,own,90
58,happy,86
59,wrong,86
60,expensive,86
61,super,83
62,extra,83
63,korean,83
64,old,83
65,high,82
66,less,77
67,whole,77
68,typical,75
69,close,73
70,bland,73
71,second,71
72,crispy,71
73,slow,71
74,thin,69
75,excellent,64
76,awesome,64
77,fun,62
78,several,61
79,cool,60
80,standard,60
81,salty,58
82,able,58
83,short,58
84,late,58
85,white,56
86,tender,56
87,soft,55
88,grilled,55
89,main,54
90,favorite,54
91,attentive,52
92,due,52
93,right,52
94,green,52
95,pricey,52
96,real,51
97,reasonable,50
98,open,50
99,hungry,49
100,perfect,49
101,vietnamese,49
102,ready,47
103,empty,46
104,easy,44
105,similar,44
106,thick,44
107,red,43
108,simple,42
109,weird,42
110,loud,42
111,solid,42
112,fair,41
113,dirty,41
114,available,41
115,enough,40
116,interesting,40
117,mediocre,40
118,alright,39
119,black,39
120,mexican,39
121,warm,38
122,authentic,38
123,poor,37
124,longer,36
125,italian,35
126,juicy,35
127,flavorful,35
128,tough,35
129,helpful,35
130,french,35
131,traditional,35
132,usual,34
133,medium,34
134,yummy,34
135,higher,34
136,local,34
137,rude,34
138,greasy,33
139,bigger,33
140,vegetarian,33
141,quiet,32
142,beautiful,32
143,half,32
144,horrible,32
145,disappointing,32
146,cute,32
147,deep,31
148,pleasant,31
149,dark,31
150,likely,31
151,chewy,31
152,fantastic,30
153,comfortable,30
154,soggy,30
155,entire,29
156,rare,29
157,terrible,28
158,smaller,28
159,affordable,28
160,worst,28
161,wonderful,27
162,such,27
163,honest,26
164,tiny,26
165,wait,26
166,crisp,26
167,low,26
168,sad,26
169,funny,26
170,brown,25
171,generous,25
172,asian,25
173,unique,25
174,healthy,24
175,multiple,24
176,single,24
177,japanese,24
178,cheaper,23
179,sour,23
180,popular,23
181,convenient,23
182,early,23
183,strong,23
184,basic,23
185,heavy,22
186,frozen,22
187,american,22
188,flavourful,21
189,certain,21
190,pretty,21
191,original,21
192,odd,21
193,normal,21
194,general,21
195,worse,21
196,larger,21
197,oily,20
198,personal,20
199,memorable,20
200,efficient,20
201,major,20
202,positive,19
203,consistent,19
204,plain,19
205,recent,19
206,spectacular,19
207,awful,19
208,sized,19
209,biggest,19
210,true,19
211,important,19
212,prime,18
213,meh,18
214,casual,18
215,specific,18
216,favourite,18
217,young,18
218,flat,18
219,closer,18
220,modern,18
221,top,18
222,uncomfortable,18
223,greek,17
224,stale,17
225,lucky,17
226,classic,17
227,indian,17
228,spacious,17
229,actual,16
230,acceptable,16
231,outstanding,16
232,upscale,16
233,crunchy,16
234,difficult,16
235,past,16
236,impressive,16
237,previous,15
238,frequent,15
239,older,15
240,back,15
241,lovely,15
242,strange,15
243,signature,15
244,glad,15
245,particular,15
246,mushy,15
247,crab,15
248,clear,14
249,inexpensive,14
250,baked,14
251,creamy,14
252,boring,14
253,fluffy,14
254,possible,14
255,hawaiian,14
256,crazy,14
257,sticky,14
258,additional,14
259,extensive,14
260,middle,14
261,exceptional,13
262,organic,13
263,watery,13
264,complimentary,13
265,separate,13
266,cozy,13
267,various,13
268,wet,13
269,wide,13
270,sorry,13
271,double,13
272,nicer,13
273,current,12
274,third,12
275,lol,12
276,later,12
277,moist,12
278,mild,12
279,disappointed,12
280,polite,12
281,random,12
282,2nd,12
283,burnt,12
284,aside,12
285,plenty,12
286,turkish,12
287,enjoyable,11
288,safe,11
289,orange,11
290,thai,11
291,impossible,11
292,nasty,11
293,inside,11
294,bright,11
295,wise,11
296,southern,11
297,limited,11
298,lower,11
299,willing,10
300,light,10
301,weak,10
302,mixed,10
303,professional,10
304,tight,10
305,awkward,10
306,natural,10
307,blue,10
308,famous,10
309,gross,10
310,plentiful,10
311,serious,10
312,fancy,10
313,pickled,10
314,instant,10
315,front,10
316,priced,10
317,courteous,10
318,necessary,9
319,inconsistent,9
320,ample,9
321,steamed,9
322,picky,9
323,skimpy,9
324,knowledgeable,9
325,adequate,9
326,dim,9
327,plastic,9
328,roasted,9
329,daily,9
330,rubbery,9
331,flavorless,9
332,aware,9
333,outside,9
334,outdoor,9
335,sick,9
336,numerous,9
337,savory,9
338,neat,9
339,fake,9
340,cramped,9
341,eastern,9
342,very,8
343,exact,8
344,negative,8
345,common,8
346,trendy,8
347,steep,8
348,key,8
349,obvious,8
350,ideal,8
351,welcome,8
352,newer,8
353,greatest,8
354,minimal,8
355,familiar,8
356,lively,8
357,runny,8
358,successful,8
359,meaty,8
360,thinner,8
361,drunk,8
362,buttery,8
363,sketchy,8
364,further,8
365,total,8
366,lighter,8
367,rich,8
368,insane,8
369,dead,8
370,curious,8
371,comfy,8
372,refreshing,8
373,lazy,8
374,delish,7
375,younger,7
376,healthier,7
377,grand,7
378,tasteless,7
379,so-so,7
380,harder,7
381,reliable,7
382,mid,7
383,cherry,7
384,central,7
385,classy,7
386,complete,7
387,careful,7
388,bare,7
389,incredible,7
390,generic,7
391,sloppy,7
392,easier,7
393,complex,7
394,entertaining,7
395,nearby,7
396,faster,7
397,underwhelming,7
398,giant,7
399,individual,7
400,unable,7
401,russian,7
402,mediterranean,7
403,buffalo,7
404,public,7
405,unusual,7
406,noisy,7
407,stupid,6
408,hearty,6
409,overpriced,6
410,obnoxious,6
411,sliced,6
412,questionable,6
413,north,6
414,appealing,6
415,yelp,6
416,stingy,6
417,like,6
418,smoked,6
419,silly,6
420,holy,6
421,ridiculous,6
422,quaint,6
423,absolute,6
424,appropriate,6
425,curly,6
426,edible,6
427,phenomenal,6
428,creative,6
429,comparable,6
430,sparse,6
431,closest,6
432,unexpected,6
433,adventurous,6
434,3rd,6
435,cheesy,6
436,latest,6
437,shredded,6
438,accommodating,6
439,iced,6
440,notch,6
441,thicker,5
442,fond,5
443,unlimited,5
444,hesitant,5
445,correct,5
446,limp,5
447,east,5
448,airy,5
449,endless,5
450,go-to,5
451,bitter,5
452,understandable,5
453,extraordinary,5
454,sanitary,5
455,passable,5
456,ethnic,5
457,smokey,5
458,gorgeous,5
459,wow,5
460,inedible,5
461,final,5
462,mashed,5
463,enthusiastic,5
464,philly,5
465,nostalgic,5
466,male,5
467,lame,5
468,kinda,5
469,mint,5
470,stiff,5
471,legit,5
472,intimate,5
473,slight,5
474,south,5
475,uneven,5
476,female,5
477,social,5
478,english,5
479,assorted,5
480,mongolian,5
481,cheapest,5
482,stuffed,5
483,unhappy,5
484,fancier,5
485,crispier,5
486,rough,5
487,fellow,5
488,4th,5
489,tastier,5
490,messy,5
491,accurate,5
492,private,5
493,seaweed,5
494,panko-crusted,5
495,aggressive,4
496,unfortunate,4
497,handy,4
498,rustic,4
499,diverse,4
500,constant,4
501,initial,4
502,unprofessional,4
503,present,4
504,pretentious,4
505,former,4
506,softer,4
507,smooth,4
508,fastest,4
509,uptown,4
510,fishy,4
511,sunny,4
512,miserable,4
513,pink,4
514,underground,4
515,pricy,4
516,joint,4
517,loose,4
518,gluten-free,4
519,viet,4
520,mush,4
521,medical,4
522,prompt,4
523,live,4
524,square,4
525,subtle,4
526,pre-made,4
527,below,4
528,unpleasant,4
529,substantial,4
530,dumb,4
531,equal,4
532,gooey,4
533,minor,4
534,crappy,4
535,filthy,4
536,confusing,4
537,left,4
538,canadian,4
539,narrow,4
540,desperate,4
541,personable,4
542,suppose,4
543,zero,4
544,slower,4
545,adult,4
546,dismal,4
547,unnecessary,4
548,appetizing,4
549,proper,4
550,shabby,4
551,gonna,4
552,bold,4
553,inconvenient,4
554,fabulous,4
555,elegant,4
556,attractive,4
557,loyal,4
558,angry,4
559,smallest,4
560,mad,4
561,delightful,4
562,non,4
563,oldest,4
564,sweeter,4
565,potential,4
566,doughy,4
567,braised,4
568,economical,4
569,spotty,4
570,surprising,4
571,hidden,4
572,cantonese,4
573,west,4
574,chaotic,4
575,custom,4
576,grainy,4
577,spicier,4
578,dense,4
579,icy,4
580,cleanest,4
581,rose,4
582,fruity,4
583,wooden,4
584,peach,4
585,stained,4
586,heavier,4
587,pushy,4
588,saucy,4
589,overwhelming,4
590,veal,4
591,continental,4
592,reserved,3
593,future,3
594,stuffy,3
595,dingy,3
596,ordinary,3
597,lesser,3
598,clueless,3
599,identical,3
600,enormous,3
601,yellow,3
602,dependable,3
603,marinated,3
604,fave,3
605,shady,3
606,friendliest,3
607,apologetic,3
608,genuine,3
609,steady,3
610,off,3
611,neapolitan,3
612,sterile,3
613,split,3
614,cheerful,3
615,smoky,3
616,smothered,3
617,-good,3
618,unfriendly,3
619,balanced,3
620,valid,3
621,spanish,3
622,speedy,3
623,conservative,3
624,occasional,3
625,stellar,3
626,eclectic,3
627,unacceptable,3
628,european,3
629,torn,3
630,afraid,3
631,even,3
632,bottled,3
633,halal,3
634,humid,3
635,swiss,3
636,western,3
637,old-school,3
638,hipster,3
639,n,3
640,distinct,3
641,bonus,3
642,everyday,3
643,lone,3
644,frat,3
645,chatty,3
646,non-existent,3
647,star,3
648,international,3
649,unassuming,3
650,sub-par,3
651,thirsty,3
652,weekly,3
653,slim,3
654,alive,3
655,ironic,3
656,notable,3
657,mistaken,3
658,commendable,3
659,standout,3
660,hefty,3
661,devoid,3
662,hottest,3
663,funky,3
664,outdated,3
665,half-priced,3
666,sophisticated,3
667,suitable,3
668,informative,3
669,terrific,3
670,fragrant,3
671,portuguese,3
672,saltier,3
673,largest,3
674,unpretentious,3
675,tangy,3
676,modest,3
677,4-star,3
678,malaysian,3
679,upset,3
680,painful,3
681,monthly,3
682,spiced,3
683,scrambled,3
684,immense,3
685,primary,3
686,longest,3
687,mean,3
688,lukewarm,3
689,subpar,3
690,retro,3
691,sore,3
692,deeper,3
693,thoughtful,3
694,artificial,3
695,vast,3
696,awe,3
697,crusty,3
698,complicated,3
699,eager,3
700,offensive,3
701,corporate,3
702,tacky,3
703,dangerous,3
704,exotic,3
705,mast-akhir,3
706,homemade,3
707,unimpressive,3
708,romantic,3
709,sexy,3
710,incorrect,3
711,raw,3
712,luxury,3
713,sober,3
714,shiny,3
715,brutal,3
716,mellow,3
717,lackluster,3
718,notorious,3
719,dynamic,3
720,minimum,3
721,busier,3
722,pure,3
723,rowdy,3
724,44th,3
725,puffy,3
726,addictive,3
727,quicker,3
728,cranky,3
729,pino,3
730,skinny,3
731,superior,3
732,forgettable,2
733,redeeming,2
734,diablo,2
735,similiar,2
736,tuscan,2
737,pricier,2
738,serviceable,2
739,staple,2
740,scant,2
741,essential,2
742,all-you-can-eat,2
743,collective,2
744,considerate,2
745,straight,2
746,saut�ed,2
747,broken,2
748,intolerant,2
749,breaded,2
750,pre-packaged,2
751,equivalent,2
752,culinary,2
753,downtown,2
754,lousy,2
755,hygienic,2
756,warmer,2
757,soup/salad,2
758,inappropriate,2
759,task-oriented,2
760,mani/pedi,2
761,cluttered,2
762,discounted,2
763,pristine,2
764,hopeful,2
765,impatient,2
766,disrespectful,2
767,teenage,2
768,unfamiliar,2
769,craving,2
770,thorough,2
771,walnut,2
772,underseasoned,2
773,understaffed,2
774,bothersome,2
775,gingerbread,2
776,seasonal,2
777,mature,2
778,ground,2
779,alot,2
780,steeper,2
781,spicey,2
782,grungy,2
783,embarrassing,2
784,nearest,2
785,countless,2
786,divey,2
787,accessible,2
788,-small,2
789,haute,2
790,above,2
791,polish,2
792,carne,2
793,talented,2
794,transparent,2
795,hole-in-the-wall,2
796,chopped,2
797,delectable,2
798,under-seasoned,2
799,shaved,2
800,noticeable,2
801,unseasoned,2
802,charred,2
803,deep-fat,2
804,noteworthy,2
805,anxious,2
806,bizarre,2
807,horrid,2
808,yay,2
809,non-er,2
810,physical,2
811,unbeatable,2
812,severe,2
813,unknown,2
814,flimsy,2
815,excessive,2
816,electronic,2
817,tall,2
818,damn,2
819,sickening,2
820,squeaky,2
821,latter,2
822,renovated,2
823,rebel,2
824,unsanitary,2
825,dear,2
826,crusted,2
827,uncommon,2
828,competent,2
829,unruly,2
830,eyed,2
831,immediate,2
832,latin,2
833,purple,2
834,effective,2
835,hip,2
836,prickly,2
837,quintessential,2
838,stylish,2
839,jam-packed,2
840,aforementioned,2
841,roomy,2
842,icky,2
843,rental,2
844,home-made,2
845,yucky,2
846,timely,2
847,reminiscent,2
848,unremarkable,2
849,northern,2
850,stinky,2
851,massive,2
852,sassy,2
853,golden,2
854,wholesome,2
855,aesthetic,2
856,savoury,2
857,minus,2
858,wow'd,2
859,cordial,2
860,emotionless,2
861,indigenous,2
862,fav,2
863,mandarin,2
864,indecisive,2
865,faux,2
866,laden,2
867,recommended,2
868,sensitive,2
869,farther,2
870,abysmal,2
871,faux-meat,2
872,nutritious,2
873,sufficient,2
874,eel/avo,2
875,plus,2
876,mock,2
877,religious,2
878,mini,2
879,confident,2
880,impersonal,2
881,optional,2
882,caramelized,2
883,mega,2
884,syrupy,2
885,margarita,2
886,needless,2
887,non-busy,2
888,overdone,2
889,vinyl,2
890,weary,2
891,grumpy,2
892,political,2
893,fewer,2
894,avid,2
895,tad,2
896,packed,2
897,borderline,2
898,significant,2
899,optimal,2
900,9th,2
901,tart,2
902,leslieville,2
903,inaccurate,2
904,home-cooked,2
905,spotless,2
906,smoother,2
907,akin,2
908,calm,2
909,innovative,2
910,passive,2
911,absurd,2
912,faithful,2
913,----------------cash,2
914,preferred,2
915,fashioned,2
916,leisurely,2
917,down,2
918,extreme,2
919,ill,2
920,banana,2
921,divine,2
922,challenging,2
923,contemporary,2
924,moderate,2
925,conducive,2
926,1st,2
927,overpowering,2
928,relaxed,2
929,goooood,2
930,cooked,2
931,pale,2
932,iconic,2
933,...great,2
934,overweight,2
935,keen,2
936,persian,2
937,creepy,2
938,unappealing,2
939,extravagant,2
940,concerned,2
941,shallower,2
942,communal,2
943,long-time,2
944,historic,2
945,suspicious,2
946,pompous,2
947,prior,2
948,circular,2
949,chill,2
950,energetic,2
951,hoppy,2
952,grey,2
953,colorful,2
954,plasticky,2
955,smallish,2
956,sheer,2
957,louder,2
958,cardboard,2
959,bready,2
960,snobby,2
961,approx,2
962,2-for-1,2
963,unfair,2
964,representative,2
965,gringo-mex,2
966,visible,2
967,outrageous,2
968,hush,2
969,deceptive,2
970,sauteed,2
971,17th,2
972,opposite,2
973,yelpy,2
974,swanky,2
975,stretchy,2
976,ever-changing,2
977,skeptical,2
978,feminist,2
979,independent,2
980,unreasonable,2
981,quieter,2
982,grouchy,2
983,bubbly,2
984,flawless,2
985,16th,2
986,iceberg,2
987,afghan,2
988,afghani,2
989,metal,2
990,official,2
991,sharp,2
992,rolled,2
993,fourth,2
994,unsafe,2
995,adana,2
996,succulent,2
997,taiwanese,2
998,dated,2
999,relative,2
1000,superb,2
1001,pre,2
1002,customizable,2
1003,nicest,1
1004,bacon.,1
1005,annual,1
1006,re-heated,1
1007,half-off,1
1008,18th,1
1009,lowest,1
1010,virgin,1
1011,facial,1
1012,deconstructed,1
1013,douchebaggy,1
1014,apprehensive,1
1015,drunken,1
1016,well-priced,1
1017,ono,1
1018,sizable,1
1019,sooner,1
1020,rock-hard,1
1021,priciest,1
1022,capable,1
1023,supreme,1
1024,half-assed,1
1025,superfluous,1
1026,insolent,1
1027,disheartening,1
1028,smaller.,1
1029,dimly-lit,1
1030,new-but-second-rate,1
1031,halibut-the,1
1032,flavourable,1
1033,bummer,1
1034,unsulfured-oh-ya,1
1035,mesquite,1
1036,over-cooked,1
1037,improper,1
1038,unwelcoming,1
1039,mani-pedi,1
1040,unwelcome,1
1041,soppressata,1
1042,chewier,1
1043,cuttle,1
1044,handmade,1
1045,have-to-live-here-to-know,1
1046,not-,1
1047,-too,1
1048,blackened,1
1049,6pm,1
1050,resteraunt,1
1051,bar/club,1
1052,char,1
1053,shaken,1
1054,270lbs,1
1055,fruit-infused,1
1056,prefect,1
1057,sly,1
1058,walkable,1
1059,eat,1
1060,unbelievable,1
1061,online,1
1062,outer,1
1063,creole,1
1064,complacent,1
1065,proactive,1
1066,kbbq,1
1067,margherita,1
1068,beneficial,1
1069,mediocre/similar,1
1070,conditional,1
1071,industrial,1
1072,remarkable,1
1073,non-factor,1
1074,octopus/beef,1
1075,riced,1
1076,obscure,1
1077,rolls/,1
1078,boardwalk,1
1079,pre-op,1
1080,mine,1
1081,balsamic,1
1082,good---but,1
1083,salt/seasoning,1
1084,vehement,1
1085,amusing,1
1086,deeeeeelicuous,1
1087,inattentive,1
1088,vinegary,1
1089,girly,1
1090,classier,1
1091,less-favoured,1
1092,one-stop,1
1093,westbound,1
1094,sittin',1
1095,helluva,1
1096,creamier,1
1097,grateful,1
1098,gray,1
1099,eatin,1
1100,makin,1
1101,requisite,1
1102,resonable,1
1103,three-star,1
1104,cajun,1
1105,military,1
1106,slick,1
1107,dirtier,1
1108,bagged,1
1109,hard-to-eat,1
1110,carbonated,1
1111,rad,1
1112,german,1
1113,blunt,1
1114,soothing,1
1115,american-greek,1
1116,fall-off-the-bone,1
1117,potatoey,1
1118,golly,1
1119,one-off,1
1120,every-five-year,1
1121,funniest,1
1122,undiscovered,1
1123,mehhhh,1
1124,cheep,1
1125,shoestring,1
1126,damned,1
1127,griddled,1
1128,cloudy,1
1129,ho,1
1130,pescetarian,1
1131,none,1
1132,precooked,1
1133,overprice,1
1134,bologna,1
1135,crampy,1
1136,famed,1
1137,throwback,1
1138,10th,1
1139,inpatient,1
1140,ancillary,1
1141,unaware,1
1142,wierd,1
1143,upto,1
1144,amuse,1
1145,vey,1
1146,touristy,1
1147,overcrowded,1
1148,leaderless,1
1149,ameh,1
1150,handformed,1
1151,6-person,1
1152,housemade,1
1153,oversell,1
1154,super-thin,1
1155,finest,1
1156,comprehensive,1
1157,fluorescent,1
1158,satay,1
1159,executive,1
1160,price/value,1
1161,historical,1
1162,jewish,1
1163,inexperienced,1
1164,unsure,1
1165,full-frontal,1
1166,prison-sex,1
1167,butt-dope,1
1168,tight-knit,1
1169,anal,1
1170,inconvinient,1
1171,condensed,1
1172,unjustifiable,1
1173,crave,1
1174,exciting,1
1175,dope,1
1176,volumed,1
1177,upright,1
1178,seperate,1
1179,rectangular,1
1180,manly,1
1181,pump-up,1
1182,freddie,1
1183,hungover,1
1184,***1/2,1
1185,neater,1
1186,short-grain,1
1187,poorer,1
1188,pontine,1
1189,faded,1
1190,subway,1
1191,godsend,1
1192,neither,1
1193,-free,1
1194,evident,1
1195,high-end,1
1196,puny,1
1197,lenient,1
1198,vegie,1
1199,pulled,1
1200,vital,1
1201,sceptical,1
1202,chared,1
1203,finer,1
1204,two-fold,1
1205,medium-size,1
1206,two-person,1
1207,scariest,1
1208,locked,1
1209,sudden,1
1210,dramatic,1
1211,outward,1
1212,incompetent,1
1213,thereof,1
1214,brash,1
1215,maniacal,1
1216,ick,1
1217,succinct,1
1218,sub,1
1219,nationwide,1
1220,returned,1
1221,brisk,1
1222,sublime,1
1223,flaky,1
1224,kotthu,1
1225,lankan,1
1226,temporary,1
1227,inauthentic,1
1228,delicate,1
1229,over-the-top,1
1230,commercial,1
1231,knotty,1
1232,black-shirted,1
1233,chilled,1
1234,value-priced,1
1235,yeasty,1
1236,sugary,1
1237,audible,1
1238,manic,1
1239,script-like,1
1240,middle-of-the-road,1
1241,well-cooked,1
1242,winter-pudged,1
1243,lightning,1
1244,nosey,1
1245,unappetizing,1
1246,loudest,1
1247,kung-pow,1
1248,gym,pool,jacuzzi,and,1
1249,granite,1
1250,inner,1
1251,cautious,1
1252,non-tradition,1
1253,simplest,1
1254,pork,shrimp,egg,chive,1
1255,surprise,1
1256,big!,1
1257,bad.,1
1258,2hour,1
1259,inconsiderate,1
1260,all-around,1
1261,americanized,1
1262,chetinad,1
1263,sporadic,1
1264,iffy,1
1265,in-state,1
1266,dece,1
1267,salt-sugar,1
1268,planned,1
1269,latino,1
1270,inexplicable,1
1271,added,1
1272,renuked,1
1273,double-layered,1
1274,starchy,1
1275,couple,1
1276,sleek,1
1277,allergic,1
1278,loooonnnnggggg,1
1279,unsuccessful,1
1280,straightforward,1
1281,mother-in-law,1
1282,happiest,1
1283,no-nonsense,1
1284,unbiased,1
1285,impoverished,1
1286,rotten,1
1287,gated,1
1288,home-y,1
1289,julienned,1
1290,empty-handed,1
1291,yearly,1
1292,american-asian,1
1293,forgivable,1
1294,grittier,1
1295,loveable,1
1296,clean/sanitary,1
1297,sleazy,1
1298,duplicate,1
1299,citrus-y,1
1300,mu-shu,1
1301,accomodating,1
1302,telepathic,1
1303,perfunctory,1
1304,herbal,1
1305,big.,1
1306,unapologetic,1
1307,upfront,1
1308,nontraditional,1
1309,hong,1
1310,litttle,1
1311,concered,1
1312,all-in,1
1313,one-year,1
1314,anticipated,1
1315,still,1
1316,over-all,1
1317,black-eyed,1
1318,one-,1
1319,dry/tough/stale,1
1320,unheard,1
1321,green-tea,1
1322,specials--capastrami,1
1323,soft--like,1
1324,microwaved-soft,1
1325,sandwich--but,1
1326,punjabi,1
1327,electric,1
1328,decadent,1
1329,coffee/tea/soy,1
1330,seaboard,1
1331,undue,1
1332,laborious,1
1333,refurbished,1
1334,old-timey,1
1335,lumbersexual,1
1336,picked,1
1337,singular,1
1338,spiked,1
1339,derelict,1
1340,uninspired,1
1341,reduced,1
1342,cafe-style,1
1343,all-day,1
1344,soft-shell,1
1345,little/no,1
1346,competitive,1
1347,upstanding,1
1348,semi-authentic,1
1349,malasa,1
1350,brave,1
1351,tho,1
1352,predictable,1
1353,exploratory,1
1354,cobb,1
1355,nauseated,1
1356,negotiable,1
1357,truthful,1
1358,strenuous,1
1359,silent,1
1360,perpetual,1
1361,subjective,1
1362,wee,1
1363,unresponsive,1
1364,hk-style,1
1365,do-able,1
1366,sweetest,1
1367,imperial,1
1368,sugar-sweet,1
1369,new.,1
1370,crispylicious,1
1371,vain,1
1372,call-ahead,1
1373,2-seat,1
1374,cacophonous,1
1375,well-seasoned,1
1376,frustrating,1
1377,haired,1
1378,frustrated,1
1379,mortar,1
1380,goodwill,1
1381,all-time,1
1382,aight,1
1383,wok-hay,1
1384,20-minute,1
1385,collard,1
1386,tastey,1
1387,veggy,1
1388,eggplant,1
1389,stand-out,1
1390,eel/avocado,1
1391,avo/eel,1
1392,talkative,1
1393,impressive-,1
1394,plant-based,1
1395,scallop,1
1396,uncanny,1
1397,inferior,1
1398,suspect,1
1399,teenaged,1
1400,pro,1
1401,compatible,1
1402,inevitable,1
1403,scrumptious,1
1404,non-waffle,1
1405,promotional,1
1406,cultural,1
1407,leathery,1
1408,toughest,1
1409,over-easy,1
1410,home-fried,1
1411,impractical,1
1412,made-up,1
1413,unasked,1
1414,moisturizer--like,1
1415,mysterious,1
1416,for-and,1
1417,vegan/vegetarian,1
1418,co-op,1
1419,5th,1
1420,graceful,1
1421,wholesale,1
1422,spongy,1
1423,tea/lemonade,1
1424,vegetarian/vegan,1
1425,udon,1
1426,colored,1
1427,al,1
1428,regional,1
1429,irish,1
1430,petty,1
1431,chunky,1
1432,unforgettable,1
1433,vegan,1
1434,imo,1
1435,shop-able,1
1436,rigid,1
1437,jelly-like,1
1438,suburban,1
1439,gravel,1
1440,sole,1
1441,bbq/picnic,1
1442,beaten,1
1443,pregnant,1
1444,contrary,1
1445,concerted,1
1446,taco-total,1
1447,liberal,1
1448,l,1
1449,compard,1
1450,cosmetic,1
1451,listed,1
1452,verde,1
1453,/roja,1
1454,gamey,1
1455,safer,1
1456,wonderful--very,1
1457,me--while,1
1458,benedict,1
1459,flavored,1
1460,d�cor,1
1461,-at,1
1462,scented,1
1463,preconfigured,1
1464,tag-along,1
1465,1km,1
1466,all,1
1467,next-time,1
1468,shy-,1
1469,touti,1
1470,dizzy,1
1471,disposable,1
1472,bacon/sausage,1
1473,highest,1
1474,big-not,1
1475,ritualistic,1
1476,immature,1
1477,infinite,1
1478,distinctive,1
1479,filled,1
1480,brittle,1
1481,chicago-style,1
1482,floursecent,1
1483,garlicky,1
1484,mayo-like,1
1485,store-bought,1
1486,cookie-cutter,1
1487,monotone,1
1488,arab,1
1489,mass-production,1
1490,non-traditional,1
1491,distracting,1
1492,under-staffed,1
1493,unorthodox,1
1494,self-care,1
1495,run-of-the-mill,1
1496,plush,1
1497,diminutive,1
1498,durable,1
1499,abrasive,1
1500,right-handed,1
1501,jagged,1
1502,a),1
1503,monochromatic,1
1504,first-hand,1
1505,edgy,1
1506,foreseeable,1
1507,transactional,1
1508,broad,1
1509,stereotyped,1
1510,nonalcoholic,1
1511,glossy,1
1512,astronomical,1
1513,midwest/southern,1
1514,kababb,1
1515,iraqi,1
1516,midwest,1
1517,artistic,1
1518,low-carb,1
1519,stringy,1
1520,elastic,1
1521,upbeat,1
1522,well-kept,1
1523,falafil,1
1524,neon,1
1525,systemic,1
1526,utter,1
1527,uneasy,1
1528,spiffy,1
1529,untidy,1
1530,homey,1
1531,lonely,1
1532,leery,1
1533,midwestern,1
1534,lengthy,1
1535,amiss,1
1536,uber,1
1537,literal,1
1538,intoxicated,1
1539,belligerent,1
1540,abundant,1
1541,slush,1
1542,automatic,1
1543,tranquil,1
1544,relaxing,1
1545,metallic,1
1546,shared,1
1547,dire,1
1548,lavish,1
1549,through-out,1
1550,sorriest,1
1551,texas,1
1552,chinese-speaking,1
1553,chinese-food-craving,1
1554,snob-bish,1
1555,dfferent,1
1556,rib-stuffed,1
1557,ruffled,1
1558,solo,1
1559,supposedly,1
1560,breakaway,1
1561,denser,1
1562,twin,1
1563,atrocious,1
1564,-facial,1
1565,witty,1
1566,best.,1
1567,gritty,1
1568,full.,1
1569,unclean,1
1570,bazillion,1
1571,effiecient,1
1572,heirloom,1
1573,ashamed,1
1574,worthy,1
1575,lyrical,1
1576,editable,1
1577,far,1
1578,forgotten,1
1579,nostalgia,1
1580,dethawed,1
1581,blown,1
1582,greasier,1
1583,straight-up,1
1584,disinterested,1
1585,overnight,1
1586,club-like,1
1587,calmer,1
1588,gloppy,1
1589,arabian,1
1590,pit-looking,1
1591,rambunctious,1
1592,handsome,1
1593,susceptible,1
1594,immune,1
1595,nauseas,1
1596,chummy,1
1597,piquillo,1
1598,pointless,1
1599,dressy,1
1600,oiled,1
1601,guilty,1
1602,canine,1
1603,sandwich,1
1604,prohibitive,1
1605,loveliest,1
1606,fuzzy,1
1607,happier,1
1608,discretionary,1
1609,out-of-this-world,1
1610,stand-alone,1
1611,mouth-feel,1
1612,naked,1
1613,close-by,1
1614,win,1
1615,homely,1
1616,pros-,1
1617,tiniest,1
1618,tradional,1
1619,toasted,1
1620,half-price,1
1621,valuable,1
1622,argentine,1
1623,shareable,1
1624,kickin,1
1625,truley,1
1626,deluxe,1
1627,right--golden,1
1628,horrendous,1
1629,wipedown,1
1630,st,1
1631,well-done,1
1632,potent,1
1633,premium,1
1634,lecherous,1
1635,up-skirt,1
1636,unprepared,1
1637,calamari,1
1638,chic,1
1639,inefficient,1
1640,badass,1
1641,chillin,1
1642,dusty,1
1643,rudest,1
1644,racist,1
1645,over-hyped,1
1646,dog-friendly,1
1647,3star,1
1648,defensive,1
1649,four-legged,1
1650,internal,1
1651,updated,1
1652,urban,1
1653,clientel,1
1654,nervous,1
1655,malty,1
1656,twice-hourly,1
1657,quirky,1
1658,out-smarted,1
1659,magic,1
1660,viable,1
1661,underneath,1
1662,wider,1
1663,embarrassed,1
1664,platinum,1
1665,beat-heavy,1
1666,pop-aliscious,1
1667,drapey,1
1668,ugly,1
1669,gay,1
1670,sexist,1
1671,checkorboard,1
1672,everyone--college,1
1673,bar/lounge,1
1674,in-your-face,1
1675,handcrafted,1
1676,distant,1
1677,quebec,1
1678,behold,1
1679,tired,1
1680,infused,1
1681,shy,1
1682,defined,1
1683,matte,1
1684,round,1
1685,post-drinking,1
1686,lit,1
1687,mid-life,1
1688,wrinkled,1
1689,hey,1
1690,unplanned,1
1691,family-owned,1
1692,non-franchise,1
1693,ranchero-style,1
1694,not-so-big,1
1695,veeeery,1
1696,lemony,1
1697,cleaner,1
1698,ethical,1
1699,legendary,1
1700,cosy,1
1701,choppy,1
1702,donair,1
1703,farm-y,1
1704,out-of-town,1
1705,mute,1
1706,spur-of-the-moment,1
1707,buttered,1
1708,parsley-tossed,1
1709,darling,1
1710,cliental,1
1711,approachable,1
1712,humongous,1
1713,interior,1
1714,cursory,1
1715,uncalled,1
1716,orangey,1
1717,untapped,1
1718,okay--the,1
1719,cult-like,1
1720,vertical,1
1721,patient,1
1722,craw,1
1723,freshest,1
1724,vintage,1
1725,dissappointed,1
1726,like,fried,1
1727,lounge-like,1
1728,booming,1
1729,softest,1
1730,mussiest,1
1731,likey,1
1732,flame-broil,1
1733,smokin,1
1734,post,1
1735,perogie,1
1736,out-of-country,1
1737,jazzed-up,1
1738,national,1
1739,californian,1
1740,entitled,1
1741,oragano,1
1742,forgetful,1
1743,parmesean,1
1744,greater,1
1745,unadorned,1
1746,throwaway,1
1747,loath,1
1748,bright-yellow,1
1749,maximum,1
1750,outgoing,1
1751,over-fried,1
1752,oversized,1
1753,not-fresh,1
1754,beer-battered,1
1755,sensory,1
1756,homecooked,1
1757,gastronomic,1
1758,philanthropic,1
1759,unlucky,1
1760,un-appetizing,1
1761,atroutous,1
1762,stubborn,1
1763,orrechiette,1
1764,worthwhile,1
1765,late-night,1
1766,cactus,1
1767,unfavourable,1
1768,campy,1
1769,gringo,1
1770,customary,1
1771,dominant,1
1772,dance-filled,1
1773,clean.,1
1774,belly,1
1775,pants-dropping,1
1776,14inch,1
1777,claustrophobic,1
1778,respectful,1
1779,heck,1
1780,exellent,1
1781,order--wild,1
1782,hot--it,1
1783,blue--just,1
1784,quad,1
1785,s,1
1786,applwood,1
1787,desired,1
1788,ours,1
1789,peppersauce,1
1790,sloooow,1
1791,osso,1
1792,themed,1
1793,integral,1
1794,academic,1
1795,legitimate,1
1796,manifest,1
1797,noticable,1
1798,prominent,1
1799,post-lunch,1
1800,partial,1
1801,poppin,1
1802,unrealized,1
1803,doable,1
1804,saltiest,1
1805,caramel,1
1806,lounge--small,1
1807,delicious-looking,1
1808,peak,1
1809,scarce,1
1810,visual,1
1811,plump,1
1812,silky,1
1813,appreciative,1
1814,heartbroken,1
1815,naught,1
1816,hilarious,1
1817,desirable,1
1818,dimensional,1
1819,panchan,1
1820,native,1
1821,bearded,1
1822,jealous,1
1823,moldy,1
1824,vua,1
1825,pita,1
1826,adorable,1
1827,condescending,1
1828,snide,1
1829,crabby,1
1830,falafal,1
1831,arabic,1
1832,southeast,1
1833,bagel/fried,1
1834,brighter,1
1835,okey,1
1836,pork/chicken,1
1837,neutral,1
1838,office,1
1839,bolder,1
1840,clown-school,1
1841,counterproductive,1
1842,arestaurant,1
1843,oriented,1
1844,banchan,1
1845,full-service,1
1846,infamous,1
1847,grimy,1
1848,knowledgable,1
1849,reasonably-priced,1
1850,disagreeable,1
1851,nondescript,1
1852,over-dressed,1
1853,house-made,1
1854,belly-busting,1
1855,gentle,1
1856,-fried,1
1857,adult-only,1
1858,pleasing,1
1859,dull,1
1860,self-serve,1
1861,urinary,1
1862,kandahar,1
1863,sub-,1
1864,two-three,1
1865,dishonest,1
1866,posh,1
1867,sauced,1
1868,trustworthy,1
1869,finicky,1
1870,windy,1
1871,bald,1
1872,one-knife,1
1873,shrewd,1
1874,5-star,1
1875,heavy-handed,1
1876,american-style,1
1877,kabab,1
1878,intense,1
1879,clever,1
1880,disorganized,1
1881,aromatic,1
1882,alert,1
1883,haha,1
1884,heathier,1
1885,balachan,1
1886,uncooked,1
1887,sincere,1
1888,non-threatening,1
1889,republican,1
1890,xenophobic,1
1891,were...questionable,1
1892,bleh,1
1893,med/middle,1
1894,sullen,1
1895,zombie,1
1896,leafy,1
1897,strangest,1
1898,adjacent,1
1899,stupidest,1
1900,panna,1
1901,21st,1
1902,lofty,1
1903,bahn,1
1904,diligent,1
1905,rotary,1
1906,ocd,1
1907,wood,1
1908,indulgent,1
1909,award,1
1910,acoustic,1
1911,conditioned,1
1912,mere,1
1913,shwarma,1
1914,underdone,1
1915,hostile,1
1916,mocha,1
1917,friendlier,1
1918,phad,1
1919,mediterranean-light,1
1920,asleep,1
1921,fussy,1
1922,doner,1
1923,bamiyan,1
1924,fresher,1
1925,impeccable,1
1926,empathetic,1
1927,sweetened,1
1928,snooty,1
1929,responsible,1
1930,fast-casual,1
1931,dish--either,1
1932,hello,1
1933,non-custom,1
1934,human,1
1935,tighter,1
1936,seawood,1
1937,dreadful,1
1938,proprietary,1
1939,sizeable,1
1940,marvelous,1
1941,dang,1
1942,harsh,1
1943,uninitiated,1
1944,firm,1
1945,caucasian,1
1946,gotta,1
1947,l4,1
1948,aplenty,1
1949,inventive,1
1950,japenese,1
1951,rival,1
1952,yellowtail,1
1953,butterfish,1
1954,fast-food,1
1955,singapore,1
1956,peanuty-sauce,1
1957,same--the,1
1958,uninspiring,1
1959,weirdest,1
1960,lowest-cost,1
1961,8/10,1
1962,impolite,1
1963,mahogany,1
1964,austere,1
1965,flavourless,1
1966,non-alcoholic,1
1967,repeatable,1
1968,hit-or-miss,1
1969,mango,1
1970,moody,1
1971,thrilling,1
1972,orangeish,1
1973,unsatisfactory,1
1974,unstaisfied,1
1975,pinneapple,1
1976,sleep-my,1
1977,unavoidable,1
1978,ventilated,1
1979,insurmountable,1
1980,senior,1
1981,gelatinous,1
1982,over-priced,1
1983,price-point,1
1984,subdued,1
1985,filipino,1
1986,well,1
1987,unbearable,1
1988,fluffier,1
1989,rainy,1
1990,mexican-like,1
1991,sit-down,1
1992,unscented,1
1993,chlorox-smelling,1
1994,chicken/rice/vegetable,1
1995,dour,1
1996,drab,1
1997,polished,1
1998,reluctant,1
1999,2pm,1
2000,peaceful,1
2001,livelier,1
2002,semi-healthy,1
2003,grab-n-go,1
2004,room.,1
2005,interactive,1
2006,fro-yo,1
2007,maaaaaaany,1
2008,self-ordering,1
2009,optimistic,1
2010,super-old-school,1
2011,lumpy,1
2012,gigantic,1
2013,pre-fried,1
2014,so/so,1
2015,atlantic,1
2016,hostel-styled,1
2017,thermal,1
2018,rib-steak,1
2019,upgraded,1
2020,alcoholic,1
2021,wary,1
2022,buzzy,1
2023,slivered,1
2024,nonexistent,1
2025,tip-inclusive,1
2026,nails-on-chalkboard,1
2027,overkill,1
2028,earliest,1
2029,untrue,1
2030,wiser,1
2031,vulnerable,1
2032,one-handle,1
2033,palm,1
2034,unrecognizable,1
2035,straw,1
2036,earthy,1
2037,comical,1
2038,iron-stomached,1
2039,non-picky,1
2040,clean-plate-club,1
2041,discernible,1
2042,deep-fried,1
2043,jumbo,1
2044,fortunate,1
2045,restful,1
2046,tact,1
2047,overdue,1
2048,roach,1
2049,well-staffed,1
2050,lacked,1
2051,unkind,1
2052,discriminated,1
2053,specialty,1
2054,belgian,1
